year,spei_Eastern Cape,spei_Free State,spei_Gauteng,spei_KwaZulu-Natal,spei_Limpopo,spei_Mpumalanga,spei_North West,spei_Northern Cape,spei_Western Cape,Total precipitation_Eastern Cape,Total precipitation_Free State,Total precipitation_Gauteng,Total precipitation_KwaZulu-Natal,Total precipitation_Limpopo,Total precipitation_Mpumalanga,Total precipitation_North West,Total precipitation_Northern Cape,Total precipitation_Western Cape,gwsa_Eastern Cape,gwsa_Free State,gwsa_Gauteng,gwsa_KwaZulu-Natal,gwsa_Limpopo,gwsa_Mpumalanga,gwsa_North West,gwsa_Northern Cape,gwsa_Western Cape,spei_status_Eastern Cape,spei_status_Free State,spei_status_Gauteng,spei_status_KwaZulu-Natal,spei_status_Limpopo,spei_status_Mpumalanga,spei_status_North West,spei_status_Northern Cape,spei_status_Western Cape
01/04/02,-1.1199709,-1.2413764,-1.1438488,-1.3818822,-1.4522524,-1.1154963,-1.1871722,-0.8544206,-1.1594119,54.60636831,34.50168705,28.13245403,64.29698313,20.17593581,38.93482078,21.78503399,19.10970022,31.26681657,-1.8834705,-1.6557815,1.7579045,0.48792526,5.3620534,2.7295651,-0.7234128,-0.46708807,0.89775634,Moderate drought,Moderate drought,Moderate drought,Moderate drought,Moderate drought,Moderate drought,Moderate drought,Near normal,Moderate drought
01/05/02,-0.36660466,-0.6101637,-1.08518,-1.0956525,-1.4152898,-1.2704887,-0.7692339,-0.21522875,-0.12633857,37.61012823,51.62140913,27.9376695,19.89185107,5.815742247,9.05245977,34.38756418,27.47135463,51.89517164,-0.6570745,-1.7030785,1.9338744,1.3029914,4.5697875,2.8554947,-0.5824859,-1.0298243,0.83243006,Near normal,Near normal,Moderate drought,Moderate drought,Moderate drought,Moderate drought,Near normal,Near normal,Near normal
01/06/02,0.16462155,0.21042854,-0.08863481,-0.21678168,-0.516652,-1.0144,-0.116317175,0.14476497,0.2098877,22.29376203,17.57601951,27.37327956,31.16243623,17.40033141,15.4553139,15.33081632,15.04725594,29.62159801,1.176744,-4.6345754,-2.3318987,2.2870069,1.1507442,0.86769575,-4.290549,-1.5499454,0.25179103,Near normal,Near normal,Near normal,Near normal,Near normal,Moderate drought,Near normal,Near normal,Near normal
01/07/02,1.2523032,1.1371152,0.93817925,1.4307796,-0.36338252,-0.32556245,1.0287554,1.1120089,0.9690778,38.90632517,5.760188032,0.523797167,104.9045312,9.139458955,18.21803194,0.75662913,5.953524935,49.48342761,0.41279718,-3.4352355,-1.5005326,0.7870574,0.61205524,0.9418746,-3.328352,-0.37885782,-0.39366537,Moderately wet,Moderately wet,Near normal,Moderately wet,Near normal,Near normal,Moderately wet,Moderately wet,Near normal
01/08/02,1.8391204,1.7382209,1.0183742,1.7156641,-0.6714956,-0.11577279,1.2995297,1.1138755,0.73771393,89.59502396,98.93574714,33.14468315,63.74415868,8.960517586,23.47183798,63.79850661,28.68718115,44.16119969,-3.6271868,1.709521,8.658761,0.34333423,9.703578,10.01081,1.4486238,-0.7707676,-2.9587028,Very wet,Very wet,Moderately wet,Very wet,Near normal,Near normal,Moderately wet,Moderately wet,Near normal
01/09/02,1.9192847,1.3655635,0.26996335,1.3437357,-0.7268169,-0.097203165,0.9301117,0.5762495,0.80996054,73.19533908,32.32903778,14.38614714,47.70527521,19.51203584,28.84539275,8.631722178,6.727458344,34.94152521,-7.6971025,-5.1721783,0.9507348,-2.878241,2.7270138,3.5228317,-2.2214007,-0.47325465,-1.3572781,Very wet,Moderately wet,Near normal,Moderately wet,Near normal,Near normal,Near normal,Near normal,Near normal
01/10/02,1.1006389,0.63862914,-0.14782572,-0.3164245,-0.43009427,-0.19044918,0.41297033,-0.15709457,0.074021176,23.96600364,35.70486153,50.78312221,67.39262499,33.4620632,58.25000752,41.51654511,7.802154784,14.68503808,-6.3995233,-2.8529801,2.1697972,-1.1897174,3.1021197,4.147757,-0.67408156,0.9542713,0.26445335,Moderately wet,Near normal,Near normal,Near normal,Near normal,Near normal,Near normal,Near normal,Near normal
01/11/02,-0.47696233,-1.1349714,-1.6224251,-1.5038403,-1.2616869,-1.3550575,-0.7490267,-0.6228629,-0.32881352,44.2815743,29.03554312,31.08052723,64.16279432,19.61511426,47.87356696,21.67419962,18.20987804,15.12143513,-3.6713705,-1.4599147,2.7103293,-0.15661882,4.751953,4.2229652,0.049208786,0.35056615,0.56583995,Near normal,Moderate drought,Severe drought,Severe drought,Moderate drought,Moderate drought,Near normal,Near normal,Near normal
01/12/02,-0.9082717,-0.39134258,-1.2652583,-1.3853165,-1.4797412,-1.3110023,-0.31673273,0.034441143,0.054113306,100.0136297,155.562396,159.5923996,126.4767017,54.76186898,136.8902156,96.39022336,54.26619889,47.41845015,-0.49913895,-1.8665987,2.3111494,0.7677263,5.4499054,4.855677,-1.5888902,-1.9453294,0.21372253,Near normal,Near normal,Moderate drought,Moderate drought,Moderate drought,Moderate drought,Near normal,Near normal,Near normal
01/01/03,-0.63294303,-0.37585232,-1.2940165,-1.3859346,-1.5761405,-1.6869425,-0.4844446,-0.24785072,0.18455434,60.57101015,89.07473744,119.1524051,122.5717662,65.24194871,120.1671605,66.28475251,11.52904949,16.34886309,-0.72321594,-4.9224257,-1.9916601,-3.3528662,2.7046347,0.3388483,-4.333814,-1.7512128,-0.07536998,Near normal,Near normal,Moderate drought,Moderate drought,Severe drought,Severe drought,Near normal,Near normal,Near normal
01/02/03,-0.65357083,-0.06304428,-0.42148075,-1.0727062,-1.256566,-1.1924788,-0.09911456,-0.5277207,-0.30207503,79.13599421,92.36226104,106.8018392,125.1146108,66.99269463,104.8173717,85.58649445,38.55414743,15.58902078,0.41954485,-4.01523,-0.6201876,0.43108478,5.486973,3.6502228,-4.202883,-2.2891219,0.5087981,Near normal,Near normal,Near normal,Moderate drought,Moderate drought,Moderate drought,Near normal,Near normal,Near normal
01/03/03,-0.49657133,-0.5134098,-0.82843834,-1.4839368,-1.3230493,-1.6986694,-0.6376733,-0.87873435,0.58383125,97.36672011,84.07276987,32.41210715,66.52425913,41.40292756,45.12715599,36.24659345,23.52031631,82.09084957,0.24448337,-2.6861548,1.1834838,3.2397573,7.278998,6.611294,-1.3299717,-0.82614166,-0.13710181,Near normal,Near normal,Near normal,Moderate drought,Moderate drought,Severe drought,Near normal,Near normal,Near normal
01/04/03,-0.43058255,-0.69915825,-1.3568759,-1.3118806,-1.5477796,-1.7991514,-1.0179924,-1.045505,0.14971308,47.54506705,23.21534682,10.45493764,42.21629547,5.973069126,16.68717972,14.9796972,18.43892057,21.14340153,-1.9286958,-2.729114,2.9898458,5.08342,7.34267,7.813218,-0.18832013,-1.0528598,-2.106315,Near normal,Near normal,Moderate drought,Moderate drought,Severe drought,Severe drought,Moderate drought,Moderate drought,Near normal
01/05/03,0.11386223,-0.7784585,-1.6496007,-1.0860658,-1.6768037,-1.9263364,-1.4962785,-1.1264162,0.29235825,46.8515151,15.93284724,1.735897374,40.87723683,4.352497855,12.94052524,4.18215554,12.18271817,42.33720042,-1.7186818,-1.1371115,4.245178,5.1181,6.9302473,7.053858,1.5287149,-0.2666388,-2.4843435,Near normal,Near normal,Severe drought,Moderate drought,Severe drought,Severe drought,Moderate drought,Moderate drought,Near normal
01/06/03,-0.20829083,-1.2813048,-1.7167505,-0.44435322,-1.4410808,-1.1544024,-1.5575391,-1.4404534,-0.8047396,10.89966875,4.633461473,13.75124697,34.3312169,23.39571445,16.71110856,5.847434317,0.178587105,6.744191187,1.0592686,0.4344396,4.603434,7.208109,4.886393,6.996957,2.9269452,2.2861557,0.8910801,Near normal,Moderate drought,Severe drought,Near normal,Moderate drought,Moderate drought,Severe drought,Moderate drought,Near normal
01/07/03,-0.10186255,-0.77632606,-0.9256883,-0.03258296,-0.2698515,-0.3107333,-0.8822331,-1.1695076,-0.85434043,5.932954175,0.442196214,1.890597033,9.908286623,1.659184974,3.416934729,0.29480655,0.768065732,13.21114723,2.5599902,0.977698,5.417319,6.601822,6.3360934,6.6448016,2.9393196,2.1014807,1.8257673,Near normal,Near normal,Near normal,Near normal,Near normal,Near normal,Near normal,Moderate drought,Near normal
01/08/03,-0.4964651,-0.2980685,0.1227995,0.038963538,0.1352948,0.088521734,-0.26050016,-0.11680369,-0.57202905,29.9873688,13.58450733,5.263658735,24.96461967,0.632431535,6.495224312,2.964467484,16.74008823,57.84441725,2.79374,-0.407656,2.0141802,7.4585857,5.4658194,6.095904,1.4552299,2.0400064,1.7519748,Near normal,Near normal,Near normal,Near normal,Near normal,Near normal,Near normal,Near normal,Near normal
01/09/03,-0.34050465,-0.1427888,-0.49906567,-0.2903027,-0.5926412,-0.5206921,-0.38826886,0.5247097,0.022655135,35.72597808,18.37769832,7.53138063,49.79667344,10.42378196,29.53745294,5.369913441,14.18127253,22.69108543,1.4768231,0.2713119,3.4390426,6.2381744,4.5997047,5.6385536,0.9487028,1.0227216,1.2958636,Near normal,Near normal,Near normal,Near normal,Near normal,Near normal,Near normal,Near normal,Near normal
01/10/03,-0.44550222,-0.9229737,-0.7448715,-1.4674156,-0.6472835,-1.1762741,-0.5156377,0.6069463,0.5473554,49.14964833,26.27631513,63.80058002,36.31426071,59.906724,58.38909202,44.86911967,18.58979819,28.36962236,-0.34591317,-0.2205779,1.0957531,2.6694863,3.3916268,3.6005905,-0.019826582,0.7355414,1.4647954,Near normal,Near normal,Near normal,Moderate drought,Near normal,Moderate drought,Near normal,Near normal,Near normal
01/11/03,-1.101755,-0.86396855,-1.1662662,-1.4840138,-1.2276334,-1.2752163,-0.32001463,-0.12510122,-0.6588406,74.41507942,96.73332424,107.2086599,139.4564704,51.7042181,116.209306,84.76645091,37.64477552,16.15538934,-1.1618357,-1.6945046,-0.5828616,-2.538647,2.132577,1.0671641,-1.5083345,0.008741236,1.1109743,Moderate drought,Near normal,Moderate drought,Moderate drought,Moderate drought,Moderate drought,Near normal,Near normal,Near normal
01/12/03,-1.0869882,-1.3944463,-1.6362835,-2.04746,-1.4307393,-1.875617,-1.0113313,-0.5909285,-0.5313468,55.89272208,68.05229431,73.56320106,91.95253536,65.77430812,89.23085311,49.85734119,8.758810801,19.40832828,1.9167843,-0.18245742,-0.007147559,1.1166703,3.641999,2.7419434,-0.15765622,1.0599145,1.7837121,Moderate drought,Moderate drought,Severe drought,Extreme drought,Moderate drought,Severe drought,Moderate drought,Near normal,Near normal
01/01/04,-0.33730417,-0.76346415,-1.2667413,-0.6393257,-0.9803277,-1.0524514,-0.59513086,0.07913923,-0.3594708,121.4766288,113.1372234,130.8690939,168.8873098,95.6334322,165.2734282,89.72182192,70.63453899,29.29810637,1.9783748,-0.55774564,0.1410654,2.0035267,1.4905111,1.584827,-1.158045,-0.13118985,1.9403294,Near normal,Near normal,Moderate drought,Near normal,Near normal,Moderate drought,Near normal,Near normal,Near normal
01/02/04,0.2049601,-0.6370087,0.045842346,-0.003653978,0.012902799,0.059757385,-0.37197816,0.035202976,0.07580938,99.82059497,92.49801452,143.4215547,177.9811676,99.70009453,173.4094877,85.08238847,35.36245589,29.17231495,-0.17894049,-1.3011104,-0.109929256,-0.46051398,2.6400821,0.5984722,-0.33619288,-0.39914474,2.1584945,Near normal,Near normal,Near normal,Near normal,Near normal,Near normal,Near normal,Near normal,Near normal
01/03/04,0.52086145,0.24782518,1.0564814,0.65988094,1.0607142,1.0133662,0.30499932,0.18504992,0.1879677,85.11782806,105.390744,140.3831786,119.5738287,94.04392268,132.3900328,119.5885497,33.20232951,18.77004351,-2.5549693,-1.170302,-3.1665928,-3.1168172,0.33710158,0.47288704,-0.21880656,-1.0905216,0.018188154,Near normal,Near normal,Moderately wet,Near normal,Moderately wet,Moderately wet,Near normal,Near normal,Near normal
01/04/04,0.21465936,0.33413914,1.1778704,0.20744926,1.3051927,0.9998395,0.27817214,0.038245197,0.47550786,59.97492272,43.57085299,22.96892402,27.7838682,27.30299903,41.57882446,40.93489298,55.62565532,59.71586682,-3.7159612,-3.3097363,-1.4372058,-1.3209614,-2.8100057,-2.7475042,-0.780379,-2.4759905,-1.7057326,Near normal,Near normal,Moderately wet,Near normal,Moderately wet,Near normal,Near normal,Near normal,Near normal
01/05/04,-0.123776525,0.026014477,0.42275897,-0.6805121,1.3902342,0.27560112,-0.11513458,-0.35608095,-0.34490064,5.421572803,2.295926139,6.634535367,12.4333686,3.59713508,7.451153671,4.648914027,0.994783214,5.749014827,-1.3800184,-1.7687836,0.42088723,2.3177109,0.040866733,0.13922882,0.10481988,-1.0621277,-0.2319197,Near normal,Near normal,Near normal,Near normal,Moderately wet,Near normal,Near normal,Near normal,Near normal
01/06/04,-0.4726775,-0.7641176,-0.76643115,-1.3705187,-0.4967889,-0.82800233,-0.7300013,-0.5301562,-0.21355113,20.90141403,11.23986948,10.84431738,10.4256328,2.986331223,9.471677685,4.177742324,9.026167365,44.57844077,-0.58246773,-2.8999627,-0.30598912,2.7823913,-2.5151172,-0.46080682,-0.7162814,-0.6550849,-0.21040253,Near normal,Near normal,Near normal,Moderate drought,Near normal,Near normal,Near normal,Near normal,Near normal
01/07/04,-0.42183805,-0.8424551,-0.33931527,0.60194147,-0.31464645,0.38223788,-1.1270189,-1.55864,-0.82467496,29.4227253,9.754323159,11.61128385,61.17230902,15.91131775,39.14327397,3.540520271,3.815805398,26.34439212,0.6783704,-1.4887627,0.6760159,2.738101,-1.3355131,0.5980116,0.73745376,1.3131527,1.6636608,Near normal,Near normal,Near normal,Near normal,Near normal,Near normal,Moderate drought,Severe drought,Near normal
01/08/04,-0.18162403,-0.29446408,-0.13279642,0.5467452,-0.4523945,0.23690937,-0.84566855,-0.87271976,-0.13770813,25.44456708,18.54793248,14.25686853,27.09840791,10.4436076,14.50645068,7.534925238,4.479734304,30.9647891,0.9477809,-1.2556894,-0.19176187,2.5637312,-1.4799099,0.19941334,0.012587902,0.3470397,0.825629,Near normal,Near normal,Near normal,Near normal,Near normal,Near normal,Near normal,Near normal,Near normal
01/09/04,1.0242114,0.44526234,-0.29598054,0.69410235,-0.34538126,-0.069162294,-0.11189152,0.09323703,-0.37409028,88.58406121,37.44028502,3.914522007,63.96023744,4.312976421,19.31992844,8.618219726,21.94937239,21.94748604,-0.6038563,-0.77766854,0.34977493,0.85085994,-1.7901622,-0.1968565,-0.13500781,-0.043021977,1.4435725,Moderately wet,Near normal,Near normal,Near normal,Near normal,Near normal,Near normal,Near normal,Near normal
01/10/04,0.2779466,-0.38893816,-1.2244216,-0.8145597,-0.9162547,-1.07044,-0.62179196,0.081244454,0.20498116,42.73404667,47.05315527,43.25651915,61.97378462,23.85067701,48.82013828,38.69186323,26.88014736,54.98117041,-3.7167785,-0.97685593,-0.24092308,1.3722203,-2.5013123,-0.3897556,0.07964825,0.7527427,2.16625,Near normal,Near normal,Moderate drought,Near normal,Near normal,Moderate drought,Near normal,Near normal,Near normal
01/11/04,-0.23473842,-1.0343617,-1.5262669,-0.49464133,-1.5926865,-0.9520905,-1.3512645,-0.9048885,-0.45936924,55.98764028,40.52312907,77.95992546,116.0372398,37.92225359,114.4819241,28.12908125,6.383336069,7.100911233,-0.5679806,1.0868335,1.0123279,1.3608719,-0.7711461,-0.80965704,1.5890902,-0.046365995,2.6105223,Near normal,Moderate drought,Severe drought,Near normal,Severe drought,Near normal,Moderate drought,Near normal,Near normal
01/12/04,-0.8038698,-1.2933532,-1.1821542,-0.791837,-1.4605011,-1.1137936,-1.0034142,-1.4509577,-0.09836334,124.6829959,127.8143887,164.0519862,122.1181659,107.7436624,159.3091384,109.1490986,27.94904576,36.04401639,-1.3994933,-2.1259546,-2.9384294,-3.5586863,-1.6844397,-4.527134,-1.1286734,0.70239437,2.7339385,Near normal,Moderate drought,Moderate drought,Near normal,Moderate drought,Moderate drought,Moderate drought,Moderate drought,Near normal
01/01/05,0.013723742,-0.3420352,-0.13077441,0.143026,-1.3253671,-0.5511001,-0.24654625,-1.3285456,-0.7606748,123.8343706,163.9467028,160.2652794,200.0194516,85.17376303,169.0131864,108.589979,50.4558972,29.89275323,-3.1859932,-4.4389973,-6.895514,-6.473314,0.16175367,-5.495267,-3.7825863,-0.45470488,1.1713096,Near normal,Near normal,Near normal,Near normal,Moderate drought,Near normal,Near normal,Moderate drought,Near normal
01/02/05,0.555147,0.2088082,0.079012446,0.17544663,-0.9604763,-0.53728396,0.013145996,-0.5945358,-0.07450688,95.67313305,85.61417751,70.21358481,157.4620258,38.7559769,85.14750679,54.10647575,38.49055893,22.01840029,-2.6759188,-3.7946503,-3.553665,-4.4459295,3.4681165,-2.8265378,-2.1007373,-1.1586214,0.23130196,Near normal,Near normal,Near normal,Near normal,Near normal,Near normal,Near normal,Near normal,Near normal
01/03/05,0.07663743,0.24734496,-0.09896028,0.5262907,-1.0976369,-0.2566297,-0.12901586,-0.29882336,-0.4642076,82.61868933,88.16179466,71.64793484,173.4288207,47.04998765,93.48022064,76.29455796,38.85457796,22.82690238,-2.8711994,-4.557538,-4.502811,-6.7102494,2.6912792,-3.255819,-1.6214219,-0.509775,0.97672784,Near normal,Near normal,Near normal,Near normal,Moderate drought,Near normal,Near normal,Near normal,Near normal
01/04/05,-0.1896447,-0.097205155,-0.30655423,0.008523364,-0.85267204,-0.49908534,-0.093649626,0.002581337,0.3229899,52.91284318,65.22326916,76.66004403,40.29647193,41.73031578,66.07700527,74.27119136,50.74618206,66.36291449,-1.8180914,-3.9796593,-2.9623451,-3.064688,4.0299573,-0.8334281,-2.0398865,-1.6843129,-1.5983907,Near normal,Near normal,Near normal,Near normal,Near normal,Near normal,Near normal,Near normal,Near normal
01/05/05,-0.036847595,-0.053996608,0.009065514,-0.10257154,-0.8357387,-0.4721918,0.2243357,0.41032094,0.5417546,46.97734474,23.71957446,3.484090185,12.46713221,3.550073562,6.570749971,7.907630608,27.07456296,36.08108653,-0.8057144,-2.853771,-2.1838505,-0.5367462,3.246843,-0.62221813,-0.9862404,-0.9547152,-2.0490994,Near normal,Near normal,Near normal,Near normal,Near normal,Near normal,Near normal,Near normal,Near normal
01/06/05,0.07592542,-0.12414518,-0.22881019,-1.1158533,-1.0548904,-1.0549636,0.15748118,0.6046318,0.7003464,13.03201305,13.04522358,1.570281456,21.74188662,2.665431314,4.969098891,2.60178583,6.978352579,36.29651879,0.98571265,-2.660371,-2.1838524,0.26814622,1.9393039,-1.2605283,-1.0902535,-0.3276496,-0.504267,Near normal,Near normal,Near normal,Moderate drought,Moderate drought,Moderate drought,Near normal,Near normal,Near normal
01/07/05,-0.63494694,-0.64501905,-1.7966316,-1.0684664,-2.1505842,-1.959614,-1.4789417,-0.31093886,-0.7751497,3.408818195,0.626545096,0.179822842,5.621020319,2.070769067,2.427493231,0.138470785,0.827455417,15.9685764,0.78189963,-2.6050088,-1.5131513,2.2502673,1.3912034,-0.051834792,-1.1044104,0.71660686,-1.4872772,Near normal,Near normal,Severe drought,Moderate drought,Extreme drought,Severe drought,Moderate drought,Near normal,Near normal
01/08/05,-0.69452226,-0.90441334,-3.4867249,-0.7071208,-3.0548966,-2.8574321,-2.6244164,-0.9390044,-0.8729161,37.95870828,35.21723448,20.33674021,29.92191284,4.051107372,23.51147782,7.088494761,8.785820566,40.03125465,2.759696,-1.8407947,-3.2381551,3.7707217,1.1996009,0.50759137,-1.1748731,0.23143633,0.5612402,Near normal,Near normal,Extreme drought,Near normal,Extreme drought,Extreme drought,Extreme drought,Near normal,Near normal
01/09/05,-1.1686485,-1.5746112,-3.766288,-1.1709886,-2.6426451,-2.6314716,-2.3173401,-1.3831918,-1.2079619,22.68921716,9.876068605,4.23239416,35.60389952,2.656880469,11.16724662,2.318654964,1.537042176,15.67563176,-0.35166103,-1.687627,-1.6656206,1.7584777,1.3574729,0.20675942,-1.1479064,0.15673867,-0.92899513,Moderate drought,Severe drought,Extreme drought,Moderate drought,Extreme drought,Extreme drought,Extreme drought,Moderate drought,Moderate drought
01/10/05,-1.0310506,-0.8441714,-2.1145608,-1.0184135,-2.3307524,-2.3512745,-1.5814528,-0.46789372,-0.806294,51.9222067,67.52206095,23.12158741,86.11316721,7.296802975,44.08539974,16.64488176,19.72516302,19.17622645,2.394951,-0.16897544,-1.3181528,2.717791,1.8207847,0.52598155,0.14520983,1.0965332,1.6885812,Moderate drought,Near normal,Extreme drought,Moderate drought,Extreme drought,Extreme drought,Severe drought,Near normal,Near normal
01/11/05,-0.082171574,-0.4421289,-1.3554595,-0.47848865,-1.6963807,-1.2571659,-1.08075,-0.42775127,-0.56371635,125.5743442,80.01630705,129.3206139,153.888977,67.29121345,137.6245229,65.60860675,32.49656794,43.62191212,2.6005876,-0.21130016,-1.8332677,-1.6674422,-0.332073,-1.3992782,0.60204923,1.3371264,3.3909297,Near normal,Near normal,Moderate drought,Near normal,Severe drought,Moderate drought,Moderate drought,Near normal,Near normal
01/12/05,-0.20504865,-0.7063486,-1.4899127,-0.8033782,-1.1521107,-1.0130132,-0.92022485,-0.20708458,-0.515003,31.37737858,41.95861661,86.74853236,72.3650642,88.18946129,116.4317111,55.66223461,13.68293989,4.265583562,0.99650574,0.04245534,-1.6351447,-0.9622582,0.7763687,-0.45736003,0.39513513,-0.20751715,1.3391696,Near normal,Near normal,Moderate drought,Near normal,Moderate drought,Moderate drought,Near normal,Near normal,Near normal
01/01/06,0.78806186,0.67631435,0.48182812,0.283953,0.2870664,0.7978136,0.2790171,0.40540445,-0.15663405,146.639861,206.1262526,197.2035022,208.4615856,143.4799489,221.3409346,156.6653019,81.40129725,29.05893236,-0.4528429,-1.8328642,-3.5835114,-1.3857819,0.17924172,-2.9693596,-0.8986128,-0.7302762,1.5448802,Near normal,Near normal,Near normal,Near normal,Near normal,Near normal,Near normal,Near normal,Near normal
01/02/06,0.43186215,1.2023237,1.0712771,0.24785912,0.85765624,1.1298722,1.5018784,0.6811995,-1.0507897,132.2302047,178.1732063,180.9158021,163.1653729,131.4997598,176.8943565,199.9194197,97.85665904,22.12334036,-5.0187335,-6.221704,-5.890819,-3.931401,-2.0349088,-6.2470613,-4.4332767,-1.4259773,0.65428835,Near normal,Moderately wet,Moderately wet,Near normal,Near normal,Moderately wet,Very wet,Near normal,Moderate drought
01/03/06,0.7019825,1.6935844,1.4098698,0.8069446,1.2180991,1.6907122,1.7717144,0.707975,-0.8677142,57.32612882,94.30999134,109.9231812,113.0042688,121.5601418,153.8530273,96.38525754,33.14041957,13.32313553,-2.1874313,-4.8601685,-2.9823077,-3.4067264,-3.402645,-7.293838,-3.2979374,0.120185696,3.8734632,Near normal,Very wet,Moderately wet,Near normal,Moderately wet,Very wet,Very wet,Near normal,Near normal
01/04/06,0.19146487,1.3496987,0.756609,0.73321563,0.9463988,1.2469931,1.7728226,0.78994757,-0.54759645,66.12703427,67.03571892,38.44669217,89.65044581,12.15321716,42.11573139,48.14363972,50.748143,37.76832887,-3.4084291,-5.5166745,0.39271978,-3.9788542,-4.5889277,-7.3198977,-1.6161634,-0.9517606,1.7624872,Near normal,Moderately wet,Near normal,Near normal,Near normal,Moderately wet,Very wet,Near normal,Near normal
01/05/06,0.6780072,0.89161676,-0.17335851,0.6848715,0.50641567,0.93030757,0.87065226,1.1927656,1.0153464,50.50359154,31.65369978,15.93481044,31.17294802,6.334864127,11.99388755,15.07923072,39.95367911,71.62834513,-3.5292864,-4.077861,0.5377385,-1.93825,-3.2607076,-4.0172324,-5.6944637,-1.0385424,-0.8962526,Near normal,Near normal,Near normal,Near normal,Near normal,Near normal,Near normal,Moderately wet,Moderately wet
01/06/06,0.9999653,0.4922712,-0.737039,0.64941615,-0.79649734,-0.5887131,0.33319202,1.353733,1.050522,11.37756849,4.463018997,0.628781389,10.34872303,3.632168826,3.351441724,8.56265362,7.014200637,22.58918642,-3.5466,-3.360087,1.6313376,-0.6334905,-2.2521572,-2.8142657,-2.8970952,-0.8788562,-2.787856,Near normal,Near normal,Near normal,Near normal,Near normal,Near normal,Near normal,Moderately wet,Moderately wet
01/07/06,0.8595274,0.04344149,-0.7605138,-0.23470274,-0.75600034,-0.8947483,-0.070172966,1.0355438,1.3750129,20.91163129,6.185405671,1.364552259,4.426380729,0.669402613,1.072204849,0.997849342,9.733971215,52.97321713,-1.4832797,-2.692664,1.5052073,1.5843662,-1.9012876,-1.5832001,-2.6441453,-0.6370412,-2.1295881,Near normal,Near normal,Near normal,Near normal,Near normal,Near normal,Near normal,Moderately wet,Moderately wet
01/08/06,1.5225004,1.2672079,0.7451726,0.7103798,-0.8371395,0.049870055,0.7302908,0.4565008,0.93772674,111.4914984,70.99232559,35.46339976,68.98308766,8.21863337,34.86579679,31.47484891,28.51626519,81.78288943,-8.826562,-2.8985515,3.0976355,2.005465,-0.7093892,-0.15189712,-2.194041,0.5974943,-5.6296873,Very wet,Moderately wet,Near normal,Near normal,Near normal,Near normal,Near normal,Near normal,Near normal
01/09/06,1.6225128,1.026523,0.37429032,0.7354566,-0.7368225,-0.12397729,0.3923891,0.13530645,0.8561672,53.86006944,6.988622841,5.348542007,56.98952283,5.267723999,21.17433242,1.468799155,3.063493923,15.15813589,-6.0055704,-1.9399263,1.5224004,1.1762862,-1.2216324,-0.6140648,-1.9578227,0.95266765,-4.0358243,Very wet,Moderately wet,Near normal,Near normal,Near normal,Near normal,Near normal,Near normal,Near normal
01/10/06,1.79377,0.5798653,-0.4451649,0.74059504,-1.2674693,-0.7214369,0.23238803,-0.046430383,0.57874316,94.68045638,56.93058408,47.49661703,105.2921777,13.71696873,62.11144528,37.9944164,13.18878341,24.45302149,-7.6268377,-1.628602,1.289031,-1.5695901,-1.7053279,-0.49287066,-2.6335356,1.1158005,-0.01978445,Very wet,Near normal,Near normal,Near normal,Moderate drought,Near normal,Near normal,Near normal,Near normal
01/11/06,0.5665415,-0.3374199,-0.8362015,0.283195,-0.80070513,-1.0747404,-0.29072323,-1.3084157,-0.8334078,66.77508789,79.37542181,127.0592928,120.5199207,92.49003811,144.3541361,73.476735,15.55676767,20.94521652,-7.628827,-1.8490736,0.004948522,-6.2883353,-1.5980824,-2.4227667,-1.9024115,0.4525133,-0.6668024,Near normal,Near normal,Near normal,Near normal,Near normal,Moderate drought,Near normal,Moderate drought,Near normal
01/12/06,0.34756568,-0.28787944,-0.33642244,0.8732388,-0.7363745,-0.42582428,-0.5014018,-0.86760443,-0.5599708,85.48149625,103.8733271,133.3678415,179.269721,86.94994081,174.9276537,101.4396641,27.97162916,13.94627938,-6.8088865,-2.6189873,-2.1917753,-10.0691185,-2.0665822,-3.8331313,-2.1680384,-1.0031734,-1.4172904,Near normal,Near normal,Near normal,Near normal,Near normal,Near normal,Near normal,Near normal,Near normal
01/01/07,-0.47396854,-0.65283716,-0.68816245,0.07323343,-0.8049537,-0.7366631,-0.97994983,-0.982129,-1.0818226,65.47914657,46.0965796,54.95821091,82.83650868,34.86662904,64.33643145,27.95377453,21.12554584,14.18065994,-2.0793717,-0.89894766,-0.53894645,-8.448131,-0.61222553,-4.3931394,-0.37371182,0.08379291,0.3575423,Near normal,Near normal,Near normal,Near normal,Near normal,Near normal,Near normal,Near normal,Moderate drought
01/02/07,-0.96044546,-1.3979003,-1.759381,-0.7941774,-1.4850979,-1.1820797,-1.6383593,-1.2490597,-1.1719463,45.80808978,27.23274495,20.74316994,68.43493057,31.46678933,63.09595479,16.52562085,6.266568116,17.51240597,1.5634099,1.5354201,1.4304394,-2.1533887,1.461829,-0.28033105,1.2820253,1.0856788,2.2389061,Near normal,Moderate drought,Severe drought,Near normal,Moderate drought,Moderate drought,Severe drought,Moderate drought,Moderate drought
01/03/07,-0.63423544,-1.7079393,-2.39802,-1.6857278,-1.4535414,-1.8879912,-1.7779318,-1.3604411,-0.79822505,90.43326816,43.14667436,27.78282693,80.89216399,54.49110387,47.0267946,27.10149769,17.64214886,21.95230965,0.13789016,3.6847131,2.8700058,0.280108,2.3638306,1.5520662,3.328857,0.78127694,1.8752393,Near normal,Severe drought,Extreme drought,Severe drought,Moderate drought,Severe drought,Severe drought,Moderate drought,Near normal
01/04/07,-0.41989982,-1.4951739,-2.0710063,-1.2408577,-1.1987714,-1.3298647,-1.5833805,-1.1115519,0.027845863,49.4791404,41.45586814,39.03002321,61.904493,28.2372669,47.2478031,21.67166049,15.91315192,37.20936406,-0.5236628,4.4071407,5.5497108,2.1199605,3.2848148,4.886088,3.9620206,-0.42852312,0.014005471,Near normal,Moderate drought,Extreme drought,Moderate drought,Moderate drought,Moderate drought,Severe drought,Moderate drought,Near normal
01/05/07,-0.017199552,-1.022971,-1.6254894,-0.6637343,-0.7336567,-1.0884366,-1.0299484,-0.8137067,0.20134696,10.52688948,2.694677845,0.192490715,6.996575408,0.43206576,0.64155542,0.592273336,4.554629498,32.23469579,-0.15486057,3.1011362,2.8823354,2.1944315,1.9108965,2.555275,2.591909,0.13056739,-1.3978595,Near normal,Moderate drought,Severe drought,Near normal,Near normal,Moderate drought,Moderate drought,Near normal,Near normal
01/06/07,-0.04450375,-0.17560396,-0.5221839,0.2891035,-0.736487,-0.30178127,-0.32148376,-0.3462241,0.59912115,29.5654898,28.63753751,15.76084842,59.48399929,7.394242077,14.78996787,20.41535734,16.21084307,54.62134413,2.030913,3.0443878,3.6110044,3.0994308,1.6857158,3.5918946,3.1921186,0.52587295,-0.5624558,Near normal,Near normal,Near normal,Near normal,Near normal,Near normal,Near normal,Near normal,Near normal
01/07/07,-0.13215345,-0.17420611,0.14373419,0.29598272,-0.2580329,-0.3758265,0.08581916,-0.21430765,0.75360763,12.47058327,1.493613939,3.748861072,4.631851265,9.012336599,6.492902324,1.583796343,7.263185167,45.99205269,2.5343454,3.0478938,3.8147714,2.7340806,1.6439286,2.5614398,3.0748718,1.4632753,-0.18683578,Near normal,Near normal,Near normal,Near normal,Near normal,Near normal,Near normal,Near normal,Near normal
01/08/07,-0.19421539,0.07746767,0.6166203,0.33271614,-0.060687672,-0.25016633,0.5271986,0.14917623,0.5178885,18.11503118,4.839981405,0.815501268,21.08767138,2.258828125,5.589320343,0.465213099,3.659675921,27.2023625,4.2899036,3.7254682,2.50851,6.517545,0.9220469,4.4629674,3.363338,2.97014,0.013442514,Near normal,Near normal,Near normal,Near normal,Near normal,Near normal,Near normal,Near normal,Near normal
01/09/07,-1.1680434,0.11967881,0.386796,-0.7112874,0.38178208,-0.93548954,1.1065376,-0.4680291,-0.39754993,21.46683395,36.4350138,30.20137351,43.70401419,35.13541761,32.72154032,43.29683347,7.202978466,9.771807024,2.160236,0.9334959,0.38559157,3.2324164,-1.0197709,1.5302387,0.058285717,0.80710375,-0.39165482,Moderate drought,Near normal,Near normal,Near normal,Near normal,Near normal,Moderately wet,Near normal,Near normal
01/10/07,-0.30785114,1.0078291,1.3080626,0.43661135,0.86830556,0.20570849,1.5844672,0.430923,-0.6594769,90.95308861,132.1761431,127.6928778,132.2989438,46.80668956,106.2497991,77.25047609,44.5988323,35.62443894,1.4702789,-0.043310687,-1.076271,1.5454187,-0.97409713,1.5205947,-0.10390898,0.6110905,0.66850466,Near normal,Moderately wet,Moderately wet,Near normal,Near normal,Near normal,Very wet,Near normal,Near normal
01/11/07,-0.13482821,1.2127359,0.7795931,0.7610533,1.3485053,0.7402096,1.3522968,0.7418899,0.6267866,86.86410089,92.78802898,104.6565191,114.3190143,135.9713734,131.6715433,68.18663919,24.53192531,62.77570956,2.2934785,-0.14123553,-0.28254965,-2.3847756,-0.4735099,-0.42236796,0.68599373,-0.4956748,0.005750191,Near normal,Moderately wet,Near normal,Near normal,Moderately wet,Near normal,Moderately wet,Near normal,Near normal
01/12/07,0.7737025,1.1151334,0.3688904,0.6280926,1.595232,0.7469183,0.92614853,1.2669793,1.3949515,120.1578103,90.91159164,84.62244072,97.89379108,131.6830177,102.791407,89.95693601,62.49680129,50.85729115,-0.5901679,-0.60586727,0.054414768,-4.003517,-1.762346,-1.0792959,0.29830623,0.49293253,-1.2973958,Near normal,Moderately wet,Near normal,Near normal,Very wet,Near normal,Near normal,Moderately wet,Moderately wet
01/01/08,0.6767858,0.22426769,0.47953698,-0.38612276,1.0218353,0.6536654,0.672254,0.87935585,1.4185055,93.68032998,93.55732486,145.7297458,122.3851301,128.3908248,140.1945776,124.3672698,50.27746224,22.11128761,1.3184601,-0.16606331,-1.5976527,-1.8897678,-3.2287207,-2.5952797,-1.7652203,0.91413444,0.28816915,Near normal,Near normal,Near normal,Near normal,Moderately wet,Near normal,Near normal,Near normal,Moderately wet
01/02/08,0.82622933,-0.1305679,0.4703742,-1.1365163,0.20294583,-0.18522058,0.37517253,0.61318326,0.93272233,94.82786494,54.33663599,77.89439039,79.46114665,34.15463945,79.38562589,38.70930947,22.27143526,31.0862714,1.4687998,1.3962103,-0.002214236,1.3118386,0.004010393,1.3970608,-0.6335999,-0.09799419,-0.2591378,Near normal,Near normal,Near normal,Moderate drought,Near normal,Near normal,Near normal,Near normal,Near normal
01/03/08,0.15021206,0.039208397,0.9164807,-0.7025494,-0.20625362,0.12583391,0.6052273,0.16107558,-0.18255234,72.68069337,80.2271659,151.8557711,101.203332,56.37491463,117.497453,112.7550183,43.97008061,26.72465049,-0.51158935,1.7687201,-0.5107542,2.880027,0.7660176,2.2143123,0.024120692,-1.951244,-2.6219482,Near normal,Near normal,Near normal,Near normal,Near normal,Near normal,Near normal,Near normal,Near normal
01/04/08,0.011045525,-0.31496966,-0.26844025,0.030790932,-0.73333025,-0.50457346,-0.03723724,-0.28350413,-0.7355663,48.10757101,24.30729335,14.71613708,98.26625472,20.96490076,48.81745772,7.769988507,9.532994088,12.48788309,0.382607,3.213805,0.19316287,0.29526645,0.76749355,1.4460263,1.2137738,-1.0026844,-0.6260564,Near normal,Near normal,Near normal,Near normal,Near normal,Near normal,Near normal,Near normal,Near normal
01/05/08,-0.39802065,0.2926409,0.30093026,0.49958673,-0.48950174,-0.015269247,0.6773821,0.13489616,-1.0715942,18.69348886,42.43588559,34.54329417,16.75506208,9.604964097,23.22102296,47.66568719,42.55942435,29.20946116,0.9548312,1.9833245,0.9805837,0.6261083,1.3008138,2.3581498,0.15297137,-1.079327,-0.13896751,Near normal,Near normal,Near normal,Near normal,Near normal,Near normal,Near normal,Near normal,Moderate drought
01/06/08,0.16535507,0.35656008,-0.6895859,0.8402781,-0.8489412,-0.45771503,0.09698685,0.6749248,-0.7777913,42.00588179,25.19164055,11.54699118,38.22501987,2.386502744,8.195602978,12.04199018,25.87949896,43.72370985,1.018597,2.4055898,2.2818232,1.25927,1.9594579,3.8124108,0.83874,-0.6624092,-0.61440676,Near normal,Near normal,Near normal,Near normal,Near normal,Near normal,Near normal,Near normal,Near normal
01/07/08,-0.279336,0.99057394,0.119603954,-0.28465268,-1.2215804,-0.6655645,0.6459981,1.5281948,0.23001045,3.601666096,0.887208973,1.473092783,6.154271517,2.812151747,2.497513834,1.490393127,11.31781393,54.94760331,1.7257417,2.8042068,3.0205972,2.824041,2.323244,4.4715023,0.91096216,-1.4682544,-3.5680819,Near normal,Near normal,Near normal,Near normal,Moderate drought,Near normal,Near normal,Very wet,Near normal
01/08/08,0.11692769,-0.36953497,-1.3160696,-0.5552188,-1.7654953,-1.7804663,-1.442046,0.7626962,0.6166646,31.2885857,6.110931833,0.943483162,13.4942557,2.285040919,4.347918877,1.182633587,9.409801563,41.85432344,4.5087748,4.0952845,2.5420148,4.789253,1.3688924,3.9478896,1.815111,0.025522284,-1.9836676,Near normal,Near normal,Moderate drought,Near normal,Severe drought,Severe drought,Moderate drought,Near normal,Near normal
01/09/08,-0.82336587,-1.2183247,-2.0616858,-0.88370746,-1.416091,-1.7269866,-0.98759043,0.18857357,0.8653288,14.70968256,3.608940541,1.101925329,49.90885619,2.317716689,13.054359,0.126886662,2.940389917,37.6466145,0.9556853,2.6450417,1.4166341,3.8230112,-0.11120348,3.0097978,0.21348631,-1.6754391,-4.0983524,Near normal,Moderate drought,Extreme drought,Near normal,Moderate drought,Severe drought,Near normal,Near normal,Near normal
01/10/08,-0.94140637,-1.3820297,-1.348399,-1.2652639,-1.514741,-1.5309709,-1.40061,-0.48811263,0.4648166,42.55931473,22.66333734,42.48201235,51.48964858,9.788934565,42.45063249,22.4146847,8.057611166,19.4741428,3.466002,4.0567336,2.3766115,3.857085,0.492691,3.054567,1.2417866,-0.34042346,-1.1715226,Near normal,Moderate drought,Moderate drought,Moderate drought,Severe drought,Severe drought,Moderate drought,Near normal,Near normal
01/11/08,-0.6921306,-0.387221,-0.665339,-0.8121756,-0.7131275,-1.0817302,-0.69582814,-0.35123268,0.96453273,92.7613634,101.3502517,103.6276581,107.5809848,101.3127007,131.0849058,67.53511274,20.63452458,51.73213537,5.077758,4.308412,1.017656,3.293364,-1.1326976,1.7299469,1.9916655,0.94465464,0.24157995,Near normal,Near normal,Near normal,Near normal,Near normal,Moderate drought,Near normal,Near normal,Near normal
01/12/08,-0.68511593,-0.7407503,-0.8427487,-0.931075,-0.57978064,-0.7240499,-1.3146123,-1.3767458,0.11495017,75.1683365,54.92085564,83.36935524,111.6447011,126.6133089,140.5536398,40.56435483,11.10192469,13.26582648,4.1293626,2.7688081,0.45340624,0.3351903,-0.24080388,0.6948933,1.3226186,0.31281343,0.4254613,Near normal,Near normal,Near normal,Near normal,Near normal,Near normal,Moderate drought,Moderate drought,Near normal
01/01/09,-0.59494174,0.201596,0.14547546,0.2143201,0.27488247,-0.20621172,0.2763974,-0.93869096,-0.025202828,70.88359018,145.6411301,202.3411375,170.152325,155.0973425,179.6355443,173.247715,32.49465109,11.45303819,3.456949,1.2818376,-2.3580265,-1.9597033,-2.28692,-0.916555,-1.2156217,-0.7266447,-0.37848127,Near normal,Near normal,Near normal,Near normal,Near normal,Near normal,Near normal,Near normal,Near normal
01/02/09,0.13796453,0.36906165,0.53394645,0.6883339,0.11942012,0.29075345,0.4460535,0.03851639,-0.40314898,152.9860896,123.1055738,132.6885946,170.6736361,78.40572634,128.9984508,98.64005967,77.2404967,32.48705246,2.561952,1.8636477,-1.6488898,-0.52171874,-0.5842499,0.04675831,-0.50567424,-1.0495789,-0.1092107,Near normal,Near normal,Near normal,Near normal,Near normal,Near normal,Near normal,Near normal,Near normal
01/03/09,0.001812943,0.5175193,1.0370505,0.6034192,0.26431727,0.32718685,0.79921895,0.2564266,-0.70068115,32.10976426,44.8675843,96.06890093,81.64746901,50.36922953,82.03034544,65.2362524,20.80249277,12.23196106,1.6130245,2.848001,1.0306479,-0.40269274,0.46390098,0.43808472,3.1612263,-0.16075176,0.56595486,Near normal,Near normal,Moderately wet,Near normal,Near normal,Near normal,Near normal,Near normal,Near normal
01/04/09,0.003058076,-0.16125977,0.47084796,0.041297197,-0.32735687,-0.13553117,-0.14643134,0.12776987,-0.5796106,32.66371467,14.94227527,2.774562745,39.55822233,3.936818928,9.534374603,5.290783422,26.5035921,37.01546942,3.4675956,4.650382,1.9197147,1.1598976,0.88889664,2.177729,4.3321123,0.36807176,1.1457956,Near normal,Near normal,Near normal,Near normal,Near normal,Near normal,Near normal,Near normal,Near normal
01/05/09,-0.95924926,-0.93567914,0.072328955,-0.25174496,-0.31750855,-0.73693943,-0.4962688,-0.6843944,-0.6415761,17.11099323,30.25008343,19.42791668,22.48322701,20.57311197,19.66954895,32.68600178,10.10384963,30.72277651,4.5106583,3.7732253,2.4191067,1.8887686,0.6706093,2.9948573,3.5151963,-0.25364843,0.63365287,Near normal,Near normal,Near normal,Near normal,Near normal,Near normal,Near normal,Near normal,Near normal
01/06/09,-0.33093038,-0.26057792,-0.2591038,0.23060301,-0.30281594,-0.6725948,-0.09828427,-0.14155343,0.21064767,24.42703188,38.46059138,20.85597022,17.41822241,19.40998097,16.28584761,47.68939812,28.89334177,57.19226102,2.4017818,3.0198154,2.1639245,3.1866477,1.244866,3.6154785,1.8408676,-0.75381035,-2.8826528,Near normal,Near normal,Near normal,Near normal,Near normal,Near normal,Near normal,Near normal,Near normal
01/07/09,0.37838802,0.9429365,1.076962,0.77853996,0.85477877,0.7062149,1.2489078,0.28044993,-0.030034889,18.17150294,10.70778675,1.669359644,8.192219635,3.424049004,2.5491555,9.781482763,9.474646641,34.54646037,2.992467,3.4600282,2.2110426,3.1563988,1.0595691,3.2004437,1.6380502,0.6099794,-2.6760027,Near normal,Near normal,Moderately wet,Near normal,Near normal,Near normal,Moderately wet,Near normal,Near normal
01/08/09,0.40141445,1.0047004,1.263783,0.83199,0.6339679,1.0619566,1.5071872,0.21856086,-0.37115073,24.09964229,18.89825004,24.7839498,71.91191124,3.963895519,35.86969746,9.665299113,5.056461977,23.70716236,3.8040946,3.809564,3.8554657,3.9877164,1.6317648,5.0672317,2.6605904,1.7085454,0.06365799,Near normal,Moderately wet,Moderately wet,Near normal,Near normal,Moderately wet,Very wet,Near normal,Near normal
01/09/09,-0.2969391,0.05557882,0.64672935,0.5863138,-0.25912306,-0.034780737,0.3859757,-0.68043965,-0.8869724,23.41332913,16.24547224,15.6082522,43.16825527,13.04289212,15.52837083,8.149728395,3.442464513,22.08400971,3.8141053,4.7017403,3.1869166,3.6903894,0.7191362,4.0579505,2.7515895,1.9637026,1.771701,Near normal,Near normal,Near normal,Near normal,Near normal,Near normal,Near normal,Near normal,Near normal
01/10/09,0.297143,0.31915382,0.5881533,0.78573257,-0.7676283,-0.2169498,0.43475592,-0.42509592,-0.7857052,82.23772287,120.8520669,81.85608467,128.6628032,31.83153492,95.47965626,74.70366205,31.97692465,34.42565373,2.4259012,2.5658915,0.84009093,-0.34861106,-0.7913024,1.8353806,0.6740976,1.613151,3.0581374,Near normal,Near normal,Near normal,Near normal,Near normal,Near normal,Near normal,Near normal,Near normal
01/11/09,0.45011854,0.6278572,0.67580265,0.29694334,0.3397628,0.26072207,0.6399616,-0.023998143,0.043570057,72.27186221,79.67127471,127.7062402,118.9577069,107.2487575,153.3000007,82.49813948,23.47886884,37.80012454,0.49131986,0.2535871,0.14848895,-2.1217172,0.6518886,0.9084233,0.65276635,2.4987838,4.003829,Near normal,Near normal,Near normal,Near normal,Near normal,Near normal,Near normal,Near normal,Near normal
01/12/09,0.44599047,0.64490813,1.4942082,0.14005612,0.007045056,0.24527915,0.12252115,-0.16832593,0.17716287,57.09176657,58.67261769,101.472033,114.3652465,75.95872702,129.1817317,61.2595762,19.26909937,14.55818384,-0.35879678,-0.49896735,-3.2056224,-5.8553996,-3.177604,-5.192118,0.001495035,0.20923674,1.1375716,Near normal,Near normal,Moderately wet,Near normal,Near normal,Near normal,Near normal,Near normal,Near normal
01/01/10,0.46104357,1.134949,1.8248371,0.11075592,-0.14852872,0.20554382,0.6781924,0.50974965,0.025746245,132.0153563,209.0839263,201.0453898,183.036252,104.1864245,206.5758075,196.4601165,85.89366469,15.54189806,0.39899403,0.29048145,-1.6056228,-3.362821,1.7400544,-1.7255453,0.7334725,0.09854478,1.204875,Near normal,Moderately wet,Very wet,Near normal,Near normal,Near normal,Near normal,Near normal,Near normal
01/02/10,0.24867213,0.7513757,1.5355295,-0.55779815,-0.8717682,-0.6423129,0.47723314,0.43784225,-0.46223447,84.0627876,66.77135894,67.84585598,87.55978647,68.84976245,87.51347382,44.24229484,49.24317675,38.88162904,2.526383,-1.1900759,-1.4973855,-0.3578545,1.3584949,-1.2200933,-0.26113743,1.5879174,3.516725,Near normal,Near normal,Very wet,Near normal,Near normal,Near normal,Near normal,Near normal,Near normal
01/03/10,0.23182613,0.75703734,0.9194447,-0.62863874,-1.0059655,-0.7891387,0.6067605,0.2618853,-0.57770884,45.91286572,76.59804073,78.17209764,83.8173526,31.71019534,85.12587145,63.34269737,32.42571341,21.74295272,1.535286,-1.0082572,-1.6409897,1.6650577,1.6049181,0.40256727,-0.4378667,1.2187322,2.3407452,Near normal,Near normal,Near normal,Near normal,Moderate drought,Near normal,Near normal,Near normal,Near normal
01/04/10,-0.53750217,-0.08132352,0.50584185,-1.1763412,0.01119351,-0.000617401,0.02630698,-0.6917206,-0.97895133,48.6804276,58.01045808,91.08866288,56.66827514,115.4440288,125.0782692,88.71481305,21.72617619,14.15741001,0.85058075,-0.3411938,-0.91254777,-0.2603162,0.15831481,-1.9803222,1.6730431,1.295052,2.5552123,Near normal,Near normal,Near normal,Moderate drought,Near normal,Near normal,Near normal,Near normal,Near normal
01/05/10,-0.68880606,-0.16356523,0.4148681,-0.81482595,0.55482453,0.53121257,-0.040663507,-1.093905,-0.7739195,11.38762586,17.29021074,31.89021205,14.6645158,15.91651386,16.4765818,29.68334122,6.668936295,37.94368452,1.9826312,-0.018015383,-0.9599645,3.1666245,1.0510234,0.37265086,-1.5102832,-0.16582349,1.051783,Near normal,Near normal,Near normal,Near normal,Near normal,Near normal,Near normal,Moderate drought,Near normal
01/06/10,-0.54155385,-0.25467536,0.5853762,-0.64067465,1.5876474,1.2951975,-0.00655169,-1.0743966,-0.7549947,30.25380193,13.84971839,0.692467438,15.62799455,3.033028606,3.61623727,0.63288601,5.821796039,37.31381715,3.041485,-0.05052358,-0.7317054,3.238974,-0.29801357,-0.41748697,-1.1922575,0.76510525,0.8404316,Near normal,Near normal,Near normal,Near normal,Very wet,Moderately wet,Near normal,Moderate drought,Near normal
01/07/10,-0.6529101,-1.0728558,-0.38908955,-0.96766675,-0.55212337,-1.0507933,-0.6988651,-1.5165836,-0.398021,12.7734551,1.081469695,1.633033971,12.83830279,4.686196335,5.754258529,0.571086945,3.530360682,23.59674067,3.8921986,1.6311281,1.5644237,5.8042946,1.0063994,1.7613512,0.26476273,1.3769891,0.71348035,Near normal,Moderate drought,Near normal,Near normal,Near normal,Moderate drought,Near normal,Severe drought,Near normal
01/08/10,-0.57385534,-1.1616375,-1.4574528,-0.9113394,-0.7264484,-1.3343754,-1.3363928,-1.6573678,-0.8286543,8.159556655,0.541344468,0.120637292,11.825919,1.093480902,2.726548727,0.052396853,1.465232882,19.31195688,3.7543077,0.93643785,1.6478062,6.680421,0.95109814,2.2985168,0.48622495,1.7509123,2.6364212,Near normal,Moderate drought,Moderate drought,Near normal,Near normal,Moderate drought,Moderate drought,Severe drought,Near normal
01/09/10,-1.5432445,-1.7810875,-3.365837,-1.9345926,-1.3138909,-1.9009916,-2.2105396,-1.8937083,-1.4130687,25.31418294,4.964969257,1.091991726,17.04847467,2.04454615,5.946577301,1.44808262,6.677005493,15.3643136,2.912126,1.2858073,0.60591215,3.7040198,-1.5469633,-0.1098606,0.3756903,2.07466,4.135975,Severe drought,Severe drought,Extreme drought,Severe drought,Moderate drought,Severe drought,Extreme drought,Severe drought,Moderate drought
01/10/10,-0.89238226,-1.4494275,-1.8039212,-1.1010025,-1.3992782,-1.4694533,-2.0017498,-1.5421481,-0.9517061,82.60714317,41.9892342,60.70284228,114.6270994,20.95448935,74.04105185,19.09428298,6.223875256,38.1075705,1.3764424,1.9591463,0.9782585,5.5277314,-0.92119324,1.3609217,0.11293799,1.9946164,3.8012013,Near normal,Moderate drought,Severe drought,Moderate drought,Moderate drought,Moderate drought,Extreme drought,Severe drought,Near normal
01/11/10,-0.24758011,-0.69122547,-1.5658492,-0.8769553,-0.9598045,-0.92289966,-1.2537428,-0.9983045,-0.51150584,98.46925861,83.91432709,90.83391493,141.8810838,97.73580682,152.8855723,61.05177813,20.12717073,22.33820542,3.313711,2.8970835,1.6810757,3.4256725,-0.8083275,-0.04470663,1.0063978,1.3534883,3.3807678,Near normal,Near normal,Severe drought,Near normal,Near normal,Near normal,Moderate drought,Near normal,Near normal
01/12/10,0.5104514,0.7486628,-0.09665695,0.30583453,-0.3043987,-0.00384256,-0.49460688,0.11843987,0.47607994,115.0341021,180.5639134,194.9700322,184.2663106,138.536359,183.5210679,114.8843138,59.83666868,52.76037581,2.013948,-0.50912404,0.21486507,0.037036203,-0.82506883,-1.3891652,-0.017995706,1.547031,3.07559,Near normal,Near normal,Near normal,Near normal,Near normal,Near normal,Near normal,Near normal,Near normal
01/01/11,0.8118627,1.7570848,0.62179935,0.6882197,0.76598644,0.53390193,0.8931098,0.5463425,0.19739725,152.001509,196.8511645,175.3896828,198.9278107,173.9515773,197.3133669,165.6106685,106.6073272,32.34688315,0.78394204,-7.7024255,-5.8670673,-6.689121,-4.6156855,-8.263485,-5.272834,-0.4558756,3.1165419,Near normal,Very wet,Near normal,Near normal,Near normal,Near normal,Near normal,Near normal,Near normal
01/02/11,0.81289035,1.5247824,0.5029118,0.36787271,0.17172043,-0.24813306,0.8210462,1.0952046,0.23796785,100.0733337,85.83823802,69.87824005,61.11235252,24.10015087,57.72349495,77.05874062,70.1541035,42.47927554,2.82863,-2.3448696,3.0087461,0.5524739,3.1214216,0.94147056,0.98372406,1.8887705,3.2811093,Near normal,Very wet,Near normal,Near normal,Near normal,Near normal,Near normal,Moderately wet,Near normal
01/03/11,0.5964051,0.7303337,-0.1912211,-0.3932812,-0.043916896,-0.9188055,0.5340242,0.73670965,-0.6914282,92.77918122,67.59618589,74.96465244,81.72691533,38.60577801,72.61483356,68.00144522,55.12818776,33.19497133,0.12866239,-1.2075446,2.9386885,3.5198777,3.4999146,3.9836962,0.93705165,0.7499001,2.3766837,Near normal,Near normal,Near normal,Near normal,Near normal,Near normal,Near normal,Near normal,Near normal
01/04/11,0.13208206,0.3173511,0.099251114,-0.52795273,-0.304753,-1.109271,0.45743704,0.5827156,-0.85768884,59.49595762,91.68113068,103.0084696,86.45275591,59.24316771,80.64874761,96.4772922,39.44748406,20.58308619,-0.14100574,0.16394696,2.480368,4.947369,3.677231,2.7361147,0.24020316,-0.9498952,1.2391909,Near normal,Near normal,Near normal,Near normal,Near normal,Moderate drought,Near normal,Near normal,Near normal
01/05/11,0.8426662,0.63673514,0.5786607,0.1581642,0.38953516,-0.47903797,0.53578997,0.42479563,-0.1533633,69.96237663,44.44099821,13.99814161,44.01710402,7.733711107,11.56458487,11.81173484,35.51380678,63.2720925,2.8816247,6.181146,9.215178,8.984064,4.555075,6.6313376,4.6168666,0.32223994,0.3505686,Near normal,Near normal,Near normal,Near normal,Near normal,Near normal,Near normal,Near normal,Near normal
01/06/11,1.4625059,1.62055,1.1658654,1.0262899,1.0114198,0.060796026,1.5108858,0.87307394,0.6537787,77.1938794,48.04710027,17.2135391,22.49823202,4.314029074,8.97608038,36.33210914,25.1495829,67.76953627,-4.652129,-8.131687,-2.2055802,0.8421473,0.7357654,0.3936822,-6.2539463,-2.7862737,-0.8082719,Moderately wet,Very wet,Moderately wet,Moderately wet,Moderately wet,Near normal,Very wet,Near normal,Near normal
01/07/11,1.9357035,1.6509528,0.70782197,1.292526,-0.15551656,-0.1420275,1.2380689,1.1667066,0.9186227,59.87601647,19.2328849,5.513214244,58.58824238,4.39951788,21.53006924,1.956110161,6.573878023,29.93211082,-0.24103533,2.9481184,5.9157953,7.0197687,4.1710763,6.613311,3.4649842,4.145405,2.3655858,Very wet,Very wet,Near normal,Moderately wet,Near normal,Near normal,Moderately wet,Moderately wet,Near normal
01/08/11,1.446693,1.3820806,1.3458594,1.4248737,0.5023061,0.9019339,1.5358503,0.6162735,0.4119136,27.41085368,7.451236147,18.9323752,36.4843268,9.715179631,32.14897625,0.550524593,10.58787616,40.14154368,-2.487414,5.866764,8.392151,7.25076,4.10751,7.447971,5.485749,3.402609,0.8900171,Moderately wet,Moderately wet,Moderately wet,Moderately wet,Near normal,Near normal,Very wet,Near normal,Near normal
01/09/11,0.3213057,-0.18809782,-0.16314174,0.7788248,-0.14434409,0.41172436,-0.27470082,-0.56279874,-0.43329027,7.745013624,3.311248352,3.263700579,33.04961103,3.032026866,16.98950645,2.281077922,1.201118737,10.01926021,-0.4594351,3.8138103,6.4781604,6.4019084,3.79943,6.160599,2.8208745,3.1550727,2.6124737,Near normal,Near normal,Near normal,Near normal,Near normal,Near normal,Near normal,Near normal,Near normal
01/10/11,-1.0275193,-1.048103,-0.20902547,-0.56966186,-0.093763635,-0.23366511,-0.951295,-0.9063226,-0.8639032,50.23601059,36.20006394,71.44977603,84.26832273,63.63920219,95.02121676,23.246229,5.085451419,21.70640438,-2.4233575,2.5135334,5.747427,3.684326,3.4190738,5.2361474,1.4525878,1.3000023,1.7861233,Moderate drought,Moderate drought,Near normal,Near normal,Near normal,Near normal,Near normal,Near normal,Near normal
01/11/11,-0.7406163,-1.5412257,-1.21768,-0.8377926,-1.003298,-1.7345333,-1.3243748,-0.5829014,-0.5018797,73.54665952,28.84085808,45.62052735,125.3614184,49.9780912,73.72500042,33.47806493,9.437284759,22.58462053,-0.45632437,0.7798414,0.9498593,-0.015064461,0.15614691,0.60679495,-1.396662,-0.08265121,3.0197623,Near normal,Severe drought,Moderate drought,Near normal,Moderate drought,Severe drought,Moderate drought,Near normal,Near normal
01/12/11,0.18707572,-1.0708193,-0.30581826,-0.7896939,-0.9622834,-1.7174824,-0.72797537,-0.04347172,-0.02821671,138.3806582,130.4696356,182.6735013,122.8948823,113.1658486,157.0501174,107.8278556,36.07119363,24.91103614,2.422927,5.6933637,4.9172573,2.9540162,3.1990373,4.5983605,3.321104,2.5471308,4.456381,Near normal,Moderate drought,Near normal,Near normal,Near normal,Severe drought,Near normal,Near normal,Near normal
01/01/12,0.067460515,-0.99361265,-0.2646834,-0.8987707,-0.9781137,-1.214849,-0.80611974,-0.2376272,-0.14098151,56.06420934,53.48481801,97.5684852,91.01883867,111.6547264,116.1819397,60.70205073,17.68714575,19.31928494,2.4150429,5.143369,4.3639426,2.6924787,4.959784,3.4662294,3.3942394,2.0841289,4.276727,Near normal,Near normal,Near normal,Near normal,Near normal,Moderate drought,Near normal,Near normal,Near normal
01/02/12,0.2984668,-0.6509809,-0.00345022,-1.2509842,-0.96303797,-0.83268154,-0.5267658,-0.39912966,-0.8638499,118.3417906,86.92146177,59.76892794,126.940593,35.921589,72.0172386,56.56840102,60.48165623,19.63515128,3.1605191,6.658324,5.4073696,6.725466,4.751182,4.4279675,5.17486,2.4015257,4.9743185,Near normal,Near normal,Near normal,Moderate drought,Near normal,Near normal,Near normal,Near normal,Near normal
01/03/12,0.1594609,-0.9929547,-0.48821482,-0.7180668,-0.9747107,-0.53683406,-0.72283524,-0.60913384,-0.75939524,120.4663253,50.03812028,54.76543834,108.8530613,32.45138948,42.44261974,65.78141893,32.97285022,41.53369068,3.1643357,8.65844,7.854695,7.6539984,6.9225216,7.9064503,7.1758804,2.136249,3.8960004,Near normal,Near normal,Near normal,Near normal,Near normal,Near normal,Near normal,Near normal,Near normal
01/04/12,0.32341436,-1.0407053,-1.0987395,-0.65381277,-1.3529153,-1.1752152,-0.7126606,-0.12203949,-0.1093893,32.80288415,23.45295167,9.08115122,32.16714699,5.725417269,17.32217926,5.761552896,26.77840896,36.01224526,0.9744021,9.232112,9.452018,9.47017,8.015167,8.818143,8.401524,1.8039494,2.804189,Near normal,Moderate drought,Moderate drought,Near normal,Moderate drought,Moderate drought,Near normal,Near normal,Near normal
01/05/12,-0.10398726,-1.2370436,-1.0873218,-0.38822755,-1.2866495,-1.1840277,-0.9322283,-0.41005886,-0.28316617,19.07176792,3.051609078,0.396618608,22.45351707,1.708683682,5.477824213,0.396724249,1.954895704,15.31040346,-0.019235983,7.336706,8.68761,8.309321,8.487893,8.302235,7.941991,1.0283768,1.6818416,Near normal,Moderate drought,Moderate drought,Near normal,Moderate drought,Moderate drought,Near normal,Near normal,Near normal
01/06/12,0.11118198,-0.3563838,-1.2601637,-1.0098501,-1.5097427,-1.8526366,-1.1163275,-0.022590602,-0.12208149,36.40312319,36.20876474,4.611277836,18.78550386,0.888914876,3.145693013,12.82244563,22.97074805,53.42425255,3.9548097,7.3902655,4.1995244,12.113585,2.0788116,7.6422267,5.069164,3.578383,4.037841,Near normal,Near normal,Moderate drought,Moderate drought,Severe drought,Severe drought,Moderate drought,Near normal,Near normal
01/07/12,1.1744169,0.4176806,-1.2895007,-0.4515981,-1.6461724,-1.869745,-0.7939801,0.07196049,0.26047507,58.37948093,18.86695349,2.352650679,15.72075212,1.344014575,2.131567736,4.56775944,12.57454815,47.50369691,1.4113961,6.91979,7.8334317,10.147959,5.1799397,7.546126,6.344377,3.3849034,3.2310543,Moderately wet,Near normal,Moderate drought,Near normal,Severe drought,Severe drought,Near normal,Near normal,Near normal
01/08/12,1.4084492,0.67179507,-0.9638551,-0.19465788,-1.0281031,-0.89944947,-0.31758028,0.89755416,0.8712064,33.57168887,8.211059971,1.782635733,46.4505358,0.535003781,1.989656509,1.388100774,10.78209106,57.21405841,0.12878886,6.4267497,4.3529286,9.330438,1.6408745,5.4887023,4.3929768,2.7725914,0.99573886,Moderately wet,Near normal,Near normal,Near normal,Moderate drought,Near normal,Near normal,Near normal,Near normal
01/09/12,1.0900593,0.5178823,1.4068934,1.7073584,0.15547588,1.4572952,0.053823385,0.47409296,0.7168539,44.86028492,46.08098966,97.79766749,169.7555044,52.55116194,108.4445009,23.84520365,3.809822776,24.30928627,1.0055022,8.661503,7.215484,6.39373,4.1478014,5.119076,7.588299,3.9187696,3.132471,Moderately wet,Near normal,Moderately wet,Very wet,Near normal,Moderately wet,Near normal,Near normal,Near normal
01/10/12,1.0686111,0.22721972,1.0770286,1.8827226,1.2842128,1.3550702,-0.38240504,0.2732478,0.75855595,120.9392572,66.87337132,174.6643146,144.5496297,60.08780876,124.8904187,53.89236678,18.76992484,57.98533955,-5.380051,2.805236,2.6955116,-5.9225636,2.7630737,-0.60754794,4.576353,1.7575259,1.3041624,Moderately wet,Near normal,Moderately wet,Very wet,Moderately wet,Moderately wet,Near normal,Near normal,Near normal
01/11/12,0.32730833,-0.49959633,0.7698739,1.6110334,0.5370498,0.5465666,-0.892488,-0.56719977,-0.09199872,43.96364274,35.75469073,55.26055541,126.7165487,42.90009269,84.41246727,43.54069009,5.201708489,11.0096504,-0.19951081,6.276218,3.7391338,-4.1803255,-0.42222464,0.21882018,5.940445,3.0470464,3.6402593,Near normal,Near normal,Near normal,Very wet,Near normal,Near normal,Near normal,Near normal,Near normal
01/12/12,0.40321994,-0.14203487,0.022226507,0.37750456,0.11604976,-0.68704385,-0.4851799,0.19814058,-0.11870124,131.3147124,145.8342937,145.5947765,180.1124184,91.94865353,174.8810954,123.1203651,70.63137275,44.46372982,3.2695892,6.7511444,6.2805223,-0.27891633,4.1341305,4.547216,7.2662015,4.0796413,5.6899343,Near normal,Near normal,Near normal,Near normal,Near normal,Near normal,Near normal,Near normal,Near normal
01/01/13,-0.6972209,-0.492044,-0.33166578,-0.41681564,0.63708735,-0.18956569,-0.713803,-0.291026,-0.9946454,56.37215908,71.98195402,111.6144459,174.4113051,232.7784535,237.4543141,57.06222911,12.0013041,13.2992603,4.72831,4.747765,5.8593163,-3.7683032,2.1769772,1.5363808,4.5867352,2.5235143,5.1887536,Near normal,Near normal,Near normal,Near normal,Near normal,Near normal,Near normal,Near normal,Near normal
01/02/13,-0.45159352,-0.52163726,-0.69400233,-0.42145804,0.3389981,-0.18266618,-0.6316737,-0.489221,-0.53316385,66.29571866,50.98038471,41.61915428,85.89559461,35.09824163,50.87238749,28.71011756,6.557826724,22.08659164,2.7603712,4.2236185,7.3171487,-3.466251,2.6321378,3.067089,5.563954,2.3711882,3.9180331,Near normal,Near normal,Near normal,Near normal,Near normal,Near normal,Near normal,Near normal,Near normal
01/03/13,-0.5613072,-1.0564938,-1.2515873,-0.49131948,0.17337772,-0.27410176,-1.1537449,-0.78499705,-0.3801603,79.80805887,58.20835364,53.72456048,100.1030401,35.0105438,59.89300618,28.92740989,54.97211231,32.60434988,3.6797867,6.252856,8.704243,-2.5166516,3.7182727,2.7263923,8.889422,3.2180681,3.2454581,Near normal,Moderate drought,Moderate drought,Near normal,Near normal,Near normal,Moderate drought,Near normal,Near normal
01/04/13,-0.40199924,-0.9405958,-0.55117667,-0.32225934,-0.38532147,-0.7101821,-0.83360356,-0.634384,-0.3571121,58.41324145,54.74722289,68.74866039,78.7904555,67.72704978,78.04067744,47.38965591,12.19863155,34.91441567,5.003404,9.033511,9.902257,1.8901516,5.0663133,5.7221637,9.802023,4.928126,5.766729,Near normal,Near normal,Near normal,Near normal,Near normal,Near normal,Near normal,Near normal,Near normal
01/05/13,-0.17386262,-0.5081349,0.057665903,0.19303761,0.14348444,-0.21852314,-0.7243665,-0.40028065,-0.59854126,20.8466045,9.14831645,8.568729414,39.1213447,3.535048461,14.24619188,2.677440452,3.767538912,27.22020014,4.789491,6.3497357,7.417815,0.36299428,2.563771,3.7919881,7.6286793,4.2900953,5.2544384,Near normal,Near normal,Near normal,Near normal,Near normal,Near normal,Near normal,Near normal,Near normal
01/06/13,-0.5839157,-0.72837543,0.50391775,0.14182006,0.45221055,0.1045788,-0.7032717,-1.0104218,-0.34714004,9.278640561,0.642899929,0.040516374,25.43239832,1.350238801,3.556260594,0.038057311,9.145309991,48.66382264,5.2766557,6.6148486,8.059859,2.445181,2.9089694,4.61157,7.665369,4.725818,4.605388,Near normal,Near normal,Near normal,Near normal,Near normal,Near normal,Near normal,Moderate drought,Near normal
01/07/13,-0.7228225,-1.517644,-1.7797799,-0.30059496,-1.9072276,-0.8486582,-1.8510534,-1.0033472,-0.3078666,16.87708068,4.740853056,1.151834341,18.51629675,4.980131025,5.834514068,4.850887063,10.99848503,27.39169955,4.476845,5.9319005,7.0963464,1.8458694,1.3444118,3.2757568,6.8349447,3.2997675,3.0079393,Near normal,Severe drought,Severe drought,Near normal,Severe drought,Near normal,Severe drought,Moderate drought,Near normal
01/08/13,-0.67108536,-1.2562408,-0.684357,-0.6471466,-1.7199175,-1.4635533,-1.1579041,0.11986257,0.8164205,19.63265236,6.52452155,5.830252467,26.49108045,4.225260041,13.41593223,2.063662264,8.463626614,71.27435418,3.5549018,5.7796783,5.8668404,3.6474793,2.2006462,3.728119,6.9560323,3.5633683,0.81501305,Near normal,Moderate drought,Near normal,Near normal,Severe drought,Moderate drought,Moderate drought,Near normal,Near normal
01/09/13,-0.7370676,-1.018847,-0.84786594,-0.7753924,-1.3844517,-0.91207904,-0.78634673,0.46564773,0.6381042,8.931239101,4.761302619,8.889738587,28.94364631,7.374085606,16.18940029,2.835035608,4.898462162,28.55186204,4.107035,6.2911687,6.514358,3.818426,2.6213238,4.2000513,6.9328556,3.1997747,0.005712522,Near normal,Moderate drought,Near normal,Near normal,Moderate drought,Near normal,Near normal,Near normal,Near normal
01/10/13,-0.16633663,-0.5012085,0.04918577,-0.14975229,-0.34934002,0.6469742,-0.750232,0.21431707,1.2068025,75.12407045,42.31548001,81.76377561,107.500165,40.53683761,120.4713168,29.74571218,9.204102186,41.54602182,5.5194297,4.981492,2.0476875,3.5109076,-0.46077254,1.7410313,2.751555,4.3451657,3.2837546,Near normal,Near normal,Near normal,Near normal,Near normal,Near normal,Near normal,Near normal,Moderately wet
01/11/13,0.029469637,-0.78688806,-0.3101942,-0.678092,-0.35321456,0.5494916,-1.3510519,-0.5139496,0.78549796,67.98716627,64.40705149,76.56394865,99.1590848,59.31011234,92.40579157,27.27452681,7.976022662,57.03944977,4.711318,6.57196,3.9119577,1.3705083,-0.88107944,-0.1437974,6.6973705,4.2630644,3.317203,Near normal,Near normal,Near normal,Near normal,Near normal,Near normal,Moderate drought,Near normal,Near normal
01/12/13,0.6067222,0.14348716,0.7799119,-0.20640355,0.36638492,1.3655888,-0.6002039,-0.42866388,0.21960226,107.0534617,140.3959936,179.891347,176.467966,138.9190432,185.5677184,128.4005545,46.53660967,23.66882968,4.3273215,2.7126195,0.65745515,-1.78045,-1.5730572,-4.9087095,3.381633,2.2392287,1.866758,Near normal,Near normal,Near normal,Near normal,Near normal,Moderately wet,Near normal,Near normal,Near normal
01/01/14,0.26080438,-0.44442323,0.036481854,-1.1604073,-0.049594045,0.017665349,-0.7871992,-0.513053,0.6218201,107.1662456,67.29620391,62.10880656,80.76847201,130.292598,104.716479,69.66855479,32.48952248,65.2727459,2.9898984,4.4547806,4.7748055,0.33410648,1.0974759,-0.089399025,6.2477694,2.4121134,1.2683932,Near normal,Near normal,Near normal,Moderate drought,Near normal,Near normal,Near normal,Near normal,Near normal
01/02/14,0.29609334,-0.17392196,0.23762575,-1.0916647,-0.2732881,-0.38524526,0.036351718,-0.16970432,-0.10102363,114.277206,145.1856133,126.4722282,90.20485669,65.53464563,79.95812367,181.9570483,54.9883668,16.55652207,2.654928,2.835396,2.6197464,3.2811618,0.9807489,1.0704618,-0.83861065,0.8558693,0.31725377,Near normal,Near normal,Near normal,Moderate drought,Near normal,Near normal,Near normal,Near normal,Near normal
01/03/14,-0.3308361,-0.6801632,0.009982839,-0.8927374,0.25568724,-0.18367794,-0.11593434,-0.11265388,0.83596396,66.6222629,75.3915357,171.2863006,188.8992274,188.472352,226.5780604,101.8762113,33.78265124,47.23980311,4.0929646,8.207811,11.463448,5.0831094,8.464746,5.3591485,6.956061,4.395616,3.2516675,Near normal,Near normal,Near normal,Near normal,Near normal,Near normal,Near normal,Near normal,Near normal
01/04/14,0.4038183,-0.48002017,0.15714969,-0.5999764,0.3727561,0.2303816,0.036356054,-0.46686146,-0.39959967,83.71226374,20.88397728,16.47965441,32.0651604,25.00652927,19.64712871,11.21568776,9.097481659,37.94780996,4.832724,8.369365,7.4175706,7.928137,5.1000867,4.5859594,5.932965,3.1124423,1.4769626,Near normal,Near normal,Near normal,Near normal,Near normal,Near normal,Near normal,Near normal,Near normal
01/05/14,0.16555962,-0.67621267,-0.1283801,-0.34533498,0.91893494,0.60536087,-0.5414589,-0.49228597,0.004451684,13.58971519,9.592921986,3.073797189,9.988166965,2.25589028,2.602176131,6.085924159,19.49633222,26.43450809,2.6254394,6.5385866,7.0256453,5.944667,3.2485487,3.95975,5.9587126,1.6618135,1.3021849,Near normal,Near normal,Near normal,Near normal,Near normal,Near normal,Near normal,Near normal,Near normal
01/06/14,0.4452729,-1.222741,-1.4615864,-1.7145019,-0.64881045,-1.7149721,-1.2829187,-0.76850456,0.08231149,7.061348853,1.572663737,1.087553683,13.94904486,0.731581036,1.9783972,1.020870632,8.418319309,42.98408888,5.6125374,7.7005076,8.314369,8.757981,4.3021755,5.494899,6.109191,1.9309269,0.11865629,Near normal,Moderate drought,Moderate drought,Severe drought,Near normal,Severe drought,Moderate drought,Near normal,Near normal
01/07/14,-0.74954414,-1.3766563,-2.002039,-2.0200026,-0.98308605,-2.1876402,-1.1602573,-0.2542407,0.006163975,4.607384215,0.247419372,0.060500804,15.84965055,1.348374174,3.310807771,0.045702033,5.514296651,35.55941254,5.2597175,6.4597254,3.7634997,8.835173,-0.41733924,2.534775,3.5104055,3.0535123,-0.7368604,Near normal,Moderate drought,Extreme drought,Extreme drought,Near normal,Extreme drought,Moderate drought,Near normal,Near normal
01/08/14,-0.5473657,-0.9794415,-1.052348,-1.5060506,-0.7582145,-1.245296,-0.36916417,-0.27781248,-0.16719548,23.97921627,20.9892229,14.70101476,20.0027428,2.748037161,9.806117235,18.21064288,17.16909838,28.55173441,6.5132027,7.464484,8.419661,11.634573,4.379916,6.9984503,5.7688346,4.2179036,2.817633,Near normal,Near normal,Moderate drought,Severe drought,Near normal,Moderate drought,Near normal,Near normal,Near normal
01/09/14,-0.20528927,-1.270343,-1.537286,-1.3591347,-1.5221441,-1.3517443,-1.1263685,-0.72703946,-0.52185047,43.17263361,10.34826723,11.24257478,28.59150818,2.959476227,11.76015544,2.59060896,7.112624148,23.53924784,6.779424,7.6474767,6.753217,11.136464,3.0071306,6.1185613,4.7446594,3.32508,3.9444304,Near normal,Moderate drought,Severe drought,Moderate drought,Severe drought,Moderate drought,Moderate drought,Near normal,Near normal
01/10/14,-0.36416742,-1.7281325,-1.6280541,-1.3116807,-1.3293446,-1.2170764,-1.7128907,-1.5680926,-1.2983339,48.32142191,20.3590471,42.45813333,82.5675384,20.30000486,57.40830148,9.459230771,4.302248781,16.85636458,3.096412,4.447361,5.0420117,7.3922176,1.6506841,4.1304593,2.517619,2.185278,4.104833,Near normal,Severe drought,Severe drought,Moderate drought,Moderate drought,Moderate drought,Severe drought,Severe drought,Moderate drought
01/11/14,0.18270765,-0.24525268,-1.0408267,-1.3804042,-1.4669782,-1.0462863,-0.84103847,-0.6693312,-0.73331344,96.73661671,128.3982411,143.7543766,105.1044601,63.31083203,127.4439735,83.77824551,42.89625958,49.78667624,1.9936501,6.034843,6.608777,6.3924255,1.9491687,3.9824777,5.177191,0.5020912,2.141937,Near normal,Near normal,Moderate drought,Moderate drought,Moderate drought,Moderate drought,Near normal,Near normal,Near normal
01/12/14,0.18578352,-0.12636758,-0.42589775,-1.1680366,-0.7438773,-0.34421223,-0.59466577,-0.87679064,-0.90037775,96.00093367,107.7750168,159.2285504,146.2440557,209.2812246,172.5909017,116.5602018,20.18172824,12.97024511,1.5594451,2.2002532,1.9460003,4.70237,1.9234661,1.1458561,2.4756818,1.6421393,3.1453424,Near normal,Near normal,Near normal,Moderate drought,Near normal,Near normal,Near normal,Near normal,Near normal
01/01/15,0.1221327,-0.10582453,-0.1849276,-1.2140871,-0.9044123,-0.35442787,-0.7981091,-0.9757194,-0.77736855,84.04751784,66.89330171,71.63344972,117.6442505,41.68139863,93.88483043,46.20918241,14.84465629,14.55731049,8.179925,6.5714073,5.421132,8.390786,3.609896,4.2791643,6.2180705,4.1979203,7.2074156,Near normal,Near normal,Near normal,Moderate drought,Near normal,Near normal,Near normal,Near normal,Near normal
01/02/15,-0.5065741,-1.1555794,-1.1168258,-1.3177596,-1.0133924,-1.0777194,-1.5883672,-2.416142,-1.5137419,64.3431248,46.28262097,43.05515173,112.6155235,63.0086221,82.73317815,25.24452822,6.050337336,18.18747442,8.34971,8.329837,7.4927254,10.021577,7.3147984,6.9916887,8.281416,4.5968933,6.7245097,Near normal,Moderate drought,Moderate drought,Moderate drought,Moderate drought,Moderate drought,Severe drought,Extreme drought,Severe drought
01/03/15,-0.5836276,-1.0742738,-1.4130204,-1.4053462,-1.4774741,-1.491467,-1.8363341,-1.2324462,-1.1057708,64.72658708,83.15404643,73.40319004,87.60622994,46.20318905,67.47184967,50.92184148,41.21964057,30.46968547,8.730943,8.683382,9.583125,11.0839205,7.5792055,9.742277,9.223656,3.7551687,6.2614956,Near normal,Moderate drought,Moderate drought,Moderate drought,Moderate drought,Moderate drought,Severe drought,Moderate drought,Moderate drought
01/04/15,0.052186757,-0.9834965,-1.3055664,-1.2789843,-1.3294318,-1.5107462,-1.6593946,-0.92227334,-0.83104557,64.60954425,28.29031847,38.7525176,59.04444082,28.81552254,45.29991571,27.19580021,19.37774222,14.53012403,6.3592696,8.680107,7.7593784,10.525775,4.101461,7.823302,9.514024,4.3804255,6.178771,Near normal,Near normal,Moderate drought,Moderate drought,Moderate drought,Severe drought,Severe drought,Near normal,Near normal
01/05/15,0.08457749,-1.0316696,-1.0342065,-1.137189,-1.4530214,-1.3757952,-1.5572364,-1.0771823,-1.1852934,11.54183624,4.052031626,1.198424917,8.897827106,1.64421207,7.170966417,0.574617382,1.043376205,15.06761224,6.3638577,9.503674,11.018854,11.349485,8.304411,10.006545,10.865735,3.995599,4.0709434,Near normal,Moderate drought,Moderate drought,Moderate drought,Moderate drought,Moderate drought,Severe drought,Moderate drought,Moderate drought
01/06/15,0.5598856,-0.9325752,-1.1557735,-1.4859238,-1.5307403,-1.3723668,-1.3456477,-0.7741546,0.03085347,31.36804901,28.77414502,5.236455705,8.461010025,1.353913069,3.563639697,19.99703282,33.87794848,70.82519928,6.5693545,8.275267,9.514336,11.942731,6.749569,9.05531,9.599196,3.9142175,1.7892843,Near normal,Near normal,Moderate drought,Moderate drought,Severe drought,Moderate drought,Moderate drought,Near normal,Near normal
01/07/15,1.1424017,-0.5007239,-2.2216797,-0.35670254,-2.9756455,-2.2027867,-1.466443,-0.4564193,0.78013796,70.96485664,22.8474916,8.829785505,57.94462889,3.122983669,15.22277494,4.690183693,14.65822429,53.61363846,4.9721026,4.9986315,6.1881495,10.573047,4.3580723,6.9618735,3.9862237,1.6670107,0.40039602,Moderately wet,Near normal,Extreme drought,Near normal,Extreme drought,Extreme drought,Moderate drought,Near normal,Near normal
01/08/15,1.3765421,-0.28225124,-2.7219043,-0.6849255,-2.8239644,-1.9338187,-1.9071538,0.07153359,0.862358,34.4444567,3.992803263,1.422645221,11.47811161,1.610428957,6.256359427,1.738590001,9.659981994,33.8695863,6.4162474,6.0056295,4.6302667,12.543516,3.5065236,7.8155904,4.581382,2.9062383,2.4691362,Moderately wet,Near normal,Extreme drought,Near normal,Extreme drought,Severe drought,Severe drought,Near normal,Near normal
01/09/15,1.1298481,-1.3469182,-0.30589998,-0.61165756,-1.0855291,-0.5695793,-1.5914184,-1.3695376,0.296177,48.93170164,24.78501938,38.99698087,45.23743722,34.25918008,39.30901457,40.30154443,10.07540635,33.19431609,4.62575,6.6218,6.5185566,11.007046,3.4732437,6.4124627,5.627491,2.8337636,2.7323952,Moderately wet,Moderate drought,Near normal,Near normal,Moderate drought,Near normal,Severe drought,Moderate drought,Near normal
01/10/15,-0.6487679,-2.5799403,-1.8630787,-3.3313224,-1.6348714,-1.7702132,-2.8741448,-3.0223954,-1.0032253,33.0328901,16.60865304,21.23726007,48.0661384,16.37300624,41.22555716,7.418520193,4.575240483,13.38630123,1.6512685,7.589876,7.7866354,9.679595,4.321109,6.6559362,7.3849216,3.9845402,2.3978808,Near normal,Extreme drought,Severe drought,Extreme drought,Severe drought,Severe drought,Extreme drought,Extreme drought,Moderate drought
01/11/15,-0.68924844,-2.4161074,-2.0294464,-3.57024,-1.9129289,-2.3015764,-2.3910546,-2.524862,-1.055785,60.30945418,23.96484113,65.87068783,70.76441658,34.68633548,56.02727448,47.57156342,4.712896722,23.98064103,4.267917,9.801589,9.671407,11.61795,5.2302666,8.314807,8.721686,4.299302,3.1439896,Near normal,Extreme drought,Extreme drought,Extreme drought,Severe drought,Extreme drought,Extreme drought,Extreme drought,Moderate drought
01/12/15,-1.8685851,-3.3244786,-2.6764724,-3.429978,-2.7609053,-2.7722573,-3.3259265,-3.0751753,-2.037421,40.78406518,25.65560577,78.03072177,112.7775767,38.99195417,99.82112814,24.92930147,5.240119199,9.983087658,8.989339,4.4389954,4.8384323,6.720791,1.8554468,2.3132718,3.0840192,2.80484,6.181169,Severe drought,Extreme drought,Extreme drought,Extreme drought,Extreme drought,Extreme drought,Extreme drought,Extreme drought,Extreme drought
01/01/16,-1.2379524,-2.3843343,-1.5642402,-3.2436378,-2.0887334,-2.1030502,-2.4823596,-1.6159158,-2.105478,78.9006879,121.5291339,113.3785797,132.6530019,49.46688901,107.8721789,74.13371541,66.59578097,28.19637669,9.247585,2.6296804,-1.6977303,8.093075,1.7890474,2.846858,0.93749356,4.8839946,6.7819085,Moderate drought,Extreme drought,Severe drought,Extreme drought,Extreme drought,Extreme drought,Extreme drought,Severe drought,Extreme drought
01/02/16,-1.5214401,-2.1221564,-1.1175921,-2.0411372,-1.9622073,-1.6823199,-2.4632537,-2.657699,-3.2016168,74.58392072,52.35175874,86.08034045,106.6125111,45.99988936,94.46604527,40.4224452,14.68450279,18.51546475,8.9070635,8.300432,4.347968,10.613481,5.380684,4.5182123,7.1169505,3.446363,4.7287264,Severe drought,Extreme drought,Moderate drought,Extreme drought,Severe drought,Severe drought,Extreme drought,Extreme drought,Extreme drought
01/03/16,-0.33483696,-1.4021513,-0.24153426,-1.2939149,-1.0986038,-0.9230628,-1.5338312,-1.1302333,-1.0879775,82.32605234,56.98249081,128.5008727,108.0660677,100.5313824,123.5425031,66.62273518,32.65233107,25.90185099,10.091253,7.06914,1.6709582,13.302709,4.43496,6.1990924,6.577149,4.6722813,5.383202,Near normal,Moderate drought,Near normal,Moderate drought,Moderate drought,Near normal,Severe drought,Moderate drought,Moderate drought
01/04/16,-0.41874516,-1.5044574,-0.83811307,-1.5711792,-1.2674251,-1.3584838,-1.2946256,-1.451723,-0.84864825,36.72036123,51.75338174,21.27247519,47.63226275,12.79353013,17.5919924,45.01481814,27.3950993,29.41924254,7.1682386,12.104047,12.236252,14.751658,9.488149,12.646184,12.588193,4.6073174,3.208538,Near normal,Severe drought,Near normal,Severe drought,Moderate drought,Moderate drought,Moderate drought,Moderate drought,Near normal
01/05/16,-0.23745593,-0.8213302,-0.046186015,-1.0260392,-0.89598143,-0.8681277,-0.4913365,-0.42920005,-0.62868637,28.76153019,40.41977453,23.3276816,39.51023858,12.5902458,17.66174781,31.11323906,27.8961823,20.31713441,8.259328,6.036717,4.1300097,12.60992,2.9538252,6.6715274,4.795541,3.3056288,3.9720592,Near normal,Near normal,Near normal,Moderate drought,Near normal,Near normal,Near normal,Near normal,Near normal
01/06/16,-0.6790786,-0.4739802,-0.5491577,-1.4827732,-1.8483006,-1.9801372,-0.38489318,-0.41109785,-0.54328007,17.52056708,13.34519621,8.404544787,13.9190211,6.109092893,6.00904626,10.39100939,4.866710187,45.5283823,7.3276625,2.9770098,0.043025833,10.800234,3.3042467,3.7167778,4.419083,3.124867,3.0471058,Near normal,Near normal,Near normal,Moderate drought,Severe drought,Severe drought,Near normal,Near normal,Near normal
01/07/16,0.6146683,0.9031733,1.0776001,0.68432474,-0.9434874,-0.79853415,-0.30753633,0.08853759,0.10837422,52.79417057,49.49611375,23.93336757,62.03572574,12.35646342,28.63054369,22.27679888,11.521346,46.42043091,7.7213764,5.4476933,3.873691,10.662886,4.858952,5.765838,5.747787,3.4798937,2.378742,Near normal,Near normal,Moderately wet,Near normal,Near normal,Near normal,Near normal,Near normal,Near normal
01/08/16,0.3522424,0.2502345,0.12506762,0.37280425,-1.868831,-2.0444784,-1.1289166,-1.3503978,0.004028685,19.50615614,5.549566901,0.545493362,25.79648227,0.523354954,3.111415551,0.409426274,7.364812827,26.07215363,5.1233673,3.5408604,-0.6160109,7.828976,-0.011980659,2.0120788,3.7754438,4.8487864,3.0464265,Near normal,Near normal,Near normal,Near normal,Severe drought,Extreme drought,Moderate drought,Moderate drought,Near normal
01/09/16,0.516414,-0.041151736,-0.6493647,0.56012124,-2.0373611,-1.6528485,-1.4627782,-0.77326775,0.09165372,46.30005547,16.03603296,13.82832014,66.74764462,7.484965344,25.89316525,2.66547956,5.115880214,32.27286202,4.4560366,7.2732444,7.934348,8.991259,6.011062,9.278713,8.667072,4.6401353,2.1434224,Near normal,Near normal,Near normal,Near normal,Extreme drought,Severe drought,Moderate drought,Near normal,Near normal
01/10/16,-1.0104972,-1.3396672,-1.1135597,-0.7647898,-1.9147836,-1.830105,-1.855006,-1.6208723,-0.99721867,26.78593556,42.37378671,55.0593278,81.73187818,21.82247155,45.63275854,37.45604169,2.878480156,8.11688223,4.2790737,6.7957006,7.1286535,6.771493,5.597306,7.8803988,7.8198133,4.725511,3.7187684,Moderate drought,Moderate drought,Moderate drought,Near normal,Severe drought,Severe drought,Severe drought,Severe drought,Near normal
01/11/16,-0.79805624,-0.7001522,-0.42946404,-0.6223224,-1.7562232,-0.6479659,-1.8165781,-2.0412529,-1.3140446,61.9333212,107.7811399,127.6851747,134.6316114,52.96794572,121.5227579,61.86067454,6.29474491,8.098182717,8.435991,8.181971,5.3976183,6.059706,4.441249,5.672714,7.603987,5.9237924,6.343729,Near normal,Near normal,Near normal,Near normal,Severe drought,Near normal,Severe drought,Extreme drought,Moderate drought
01/12/16,-1.5847236,-0.96589583,-0.17625833,-1.430623,-1.442443,-0.6853597,-1.6750283,-2.8311403,-2.924809,37.0747201,54.17340676,98.51712779,84.00157559,128.5628863,122.8733597,81.17248177,8.336005599,7.617212966,9.885119,6.883582,4.2073913,5.0897136,4.5612855,2.738742,5.758538,4.2714624,5.5692406,Severe drought,Near normal,Near normal,Moderate drought,Moderate drought,Near normal,Severe drought,Extreme drought,Extreme drought
01/01/17,-0.8500748,-0.21233957,0.56732357,-1.0744678,-0.18574378,0.42713055,-0.17922477,-1.5898055,-1.99547,98.73166697,126.9192325,214.3496036,124.8033068,142.2974437,137.688983,177.8070273,73.52575949,32.98161804,5.668923,2.1176069,3.3505232,2.6929016,5.35326,2.7610927,4.588801,3.419344,4.186665,Near normal,Near normal,Near normal,Moderate drought,Near normal,Near normal,Near normal,Severe drought,Severe drought
01/02/17,-0.34956318,0.4667077,1.0593029,-0.15979329,0.36631495,0.3879826,0.93120015,-0.9156076,-2.01122,122.9222441,177.2344102,157.5844385,193.5728805,126.271913,162.9157476,181.43135,63.41101948,15.45241528,5.6940365,2.923391,2.4862857,5.5212874,-0.20060094,1.374943,-2.0836005,2.3673031,4.866916,Near normal,Near normal,Moderately wet,Near normal,Near normal,Near normal,Near normal,Near normal,Extreme drought
01/03/17,-0.16680393,0.4290467,0.61868083,0.1486557,0.26636404,0.17180906,0.7142039,-0.648608,-1.750864,38.55154468,25.83931314,15.75164723,84.76748502,25.09170282,44.91071203,19.7670738,8.495444146,8.259646971,6.5142035,4.608653,6.891538,5.2937875,5.5040345,4.2975793,2.1486917,3.8555691,6.774896,Near normal,Near normal,Near normal,Near normal,Near normal,Near normal,Near normal,Near normal,Severe drought
01/04/17,-0.6349076,0.06987056,0.21383148,0.1115474,-0.072190545,-0.18982434,0.19461198,-1.2608086,-2.4767694,41.05607574,39.16617134,40.52138957,47.74216248,34.39031711,44.93433803,33.12543841,30.02351045,17.70220043,9.093918,7.8793893,7.830973,9.348542,6.5135846,7.1093974,4.511954,4.2674417,8.029805,Near normal,Near normal,Near normal,Near normal,Near normal,Near normal,Near normal,Moderate drought,Extreme drought
01/05/17,-1.0979141,-1.47739,-0.8359767,-0.23331334,-0.6017169,-0.5026829,-1.2311075,-2.1055887,-2.8006477,38.35285848,15.20276803,31.26341362,90.65306408,20.78259497,41.7956939,8.592559856,2.182088405,6.990546291,6.1691566,4.5015163,5.5423956,3.4687853,5.028401,4.1637855,4.1955113,2.94262,6.411506,Moderate drought,Moderate drought,Near normal,Near normal,Near normal,Near normal,Moderate drought,Extreme drought,Extreme drought
01/06/17,-0.8237486,-1.131646,-0.22106488,0.039598335,-0.17162526,0.3204004,-0.94965637,-1.3502544,-1.6320356,7.584631276,4.341607513,0.124919519,7.827621023,0.784956228,1.29762504,0.287794381,6.553003103,31.26862649,6.8007064,6.0174217,7.0590215,4.5607886,6.872112,6.284806,4.612284,3.2709436,5.31591,Near normal,Moderate drought,Near normal,Near normal,Near normal,Near normal,Near normal,Moderate drought,Severe drought
01/07/17,-0.58036613,-1.7356454,-1.1643541,-0.08101891,-1.5523427,-0.66446084,-2.729354,-2.1768847,-1.3333658,8.018906427,2.099435956,2.410015912,8.367126605,2.224605805,3.397864182,1.088064683,1.77969592,18.96549303,8.011982,6.174897,4.5066924,6.0714774,1.6558623,4.2555075,3.3325257,4.734743,5.7949004,Near normal,Severe drought,Moderate drought,Near normal,Severe drought,Near normal,Extreme drought,Extreme drought,Moderate drought
01/08/17,-0.27280575,-2.0443256,-5,-2.5594244,-3.1098814,-3.6938806,-3.7606905,-1.6781033,-0.54899937,35.02899173,2.089786359,0.752166956,30.44732528,2.491000775,9.452172128,0.523856846,1.693679093,27.7865856,7.7570634,6.5795975,4.7598395,7.799141,1.9760103,5.416398,3.3948512,4.8600326,6.3876553,Near normal,Extreme drought,Extreme drought,Extreme drought,Extreme drought,Extreme drought,Extreme drought,Severe drought,Near normal
01/09/17,-0.3761804,-2.1741455,-3.5863173,-1.7846721,-2.382436,-2.0644276,-3.0795648,-2.1433787,-0.89409167,24.91856635,9.900893532,10.83769568,38.12666762,7.239337283,28.54471176,5.973550844,2.556881094,12.55006791,7.588795,7.015067,5.6404233,7.489526,2.4077268,5.7262125,3.5367627,4.727346,6.9850507,Near normal,Extreme drought,Extreme drought,Severe drought,Extreme drought,Extreme drought,Extreme drought,Extreme drought,Near normal
01/10/17,0.3799086,-0.81516033,-0.821796,-0.7990887,-0.9260163,-1.0898533,-0.38088894,-1.2720512,-0.70840794,88.60942867,58.37120982,97.84890706,103.1671214,45.35514562,78.57550478,49.40046439,12.86709115,18.62099477,3.3761883,4.502851,3.4241304,4.2434263,1.519051,3.6099777,1.8275006,4.306821,7.5100145,Near normal,Near normal,Near normal,Near normal,Near normal,Moderate drought,Near normal,Moderate drought,Near normal
01/11/17,0.11373259,-1.2381498,-0.96970665,-0.7333484,-1.1501658,-0.7007893,-0.9614167,-1.2019242,-0.17504863,71.51253169,42.43714042,73.21656367,131.9236084,58.24077153,102.6296534,30.86962249,8.925468999,38.89375539,4.8089037,6.695284,4.435976,4.827687,1.7815766,4.062547,3.3649666,4.227927,6.377854,Near normal,Moderate drought,Near normal,Near normal,Moderate drought,Near normal,Near normal,Moderate drought,Near normal
01/12/17,0.15466617,-0.9043249,-0.7756666,-0.22492406,-1.1939564,-0.24507624,-1.2921293,-0.908439,-0.24346732,65.19146413,79.13202766,119.4310791,136.0018382,65.30754807,141.7965733,59.4195763,14.40204224,10.18029277,6.1071773,5.3503003,2.8889687,1.5993314,4.0622196,2.9478679,3.6449273,4.291519,6.3665023,Near normal,Near normal,Near normal,Near normal,Moderate drought,Near normal,Moderate drought,Near normal,Near normal
01/01/18,-0.17390962,-0.9968122,-1.072034,-0.52954346,-1.5712787,-0.7815597,-1.7151407,-1.370565,-0.665204,83.12120451,86.12519147,52.14664486,106.708086,20.94779716,58.61563495,45.28486024,22.12443362,24.89957807,8.277692,7.4316344,6.528604,4.9765167,7.978962,6.7113314,6.423033,4.426074,6.0944657,Near normal,Near normal,Moderate drought,Near normal,Severe drought,Near normal,Severe drought,Moderate drought,Near normal
01/02/18,-0.10592872,-0.6760354,-0.8085124,-0.55712306,-0.85063016,-0.8088526,-1.3465548,-1.6374336,-2.1335652,94.99643148,81.54680966,86.13344063,99.00376262,116.6223209,102.1953371,65.71178453,29.6884756,15.69876237,5.659255,6.4137826,6.9313436,6.738681,9.094019,9.9064865,5.7938457,4.5486875,6.0620384,Near normal,Near normal,Near normal,Near normal,Near normal,Near normal,Moderate drought,Severe drought,Extreme drought
01/03/18,0.30264702,-0.27462155,-0.26453856,-0.20932174,-0.58397764,-0.57989275,-0.59796363,-1.0025194,-0.82312214,99.86777098,136.1427838,165.1335587,146.8350029,45.1897553,115.6493713,110.8465046,22.85899816,30.14996367,3.919443,5.936724,8.189954,6.681482,7.90287,10.619942,7.665691,5.149672,6.2003894,Near normal,Near normal,Near normal,Near normal,Near normal,Near normal,Near normal,Moderate drought,Near normal
01/04/18,0.18010071,-0.03947537,0.029401436,0.010518509,-0.14618406,0.016555294,0.12853462,-0.64766675,-0.86082035,52.56333843,72.14683473,41.56250786,62.14228277,24.44849082,40.87659968,41.81491032,52.5489424,19.69163613,2.9212623,4.34176,8.0791,6.474237,7.630391,9.146015,6.5297713,3.5563135,5.4516807,Near normal,Near normal,Near normal,Near normal,Near normal,Near normal,Near normal,Near normal,Near normal
01/05/18,0.048692122,0.2399654,0.2818064,0.628953,-0.8103741,0.30408284,0.37312096,-0.35783276,-0.4876875,19.18644962,22.26267585,20.0619971,57.9500394,21.09472319,28.01371386,12.58407092,13.1935105,31.97478895,4.123772,4.465963,8.235475,6.7425294,7.0121546,8.5241995,6.1159,3.5604331,5.771625,Near normal,Near normal,Near normal,Near normal,Near normal,Near normal,Near normal,Near normal,Near normal
01/06/18,-0.55466276,-0.507334,-0.6792566,-0.32607812,-1.0985754,-0.47486368,0.06305232,-0.4020073,-0.98931533,7.029096109,0.339013762,0.105825369,6.728336764,0.775687328,1.537368103,0.067254038,3.228592764,36.49407839,7.56608,6.257482,8.418097,8.456675,6.810464,8.742454,6.7223425,5.858204,8.058371,Near normal,Near normal,Near normal,Near normal,Moderate drought,Near normal,Near normal,Near normal,Near normal
01/07/18,-0.6438328,-1.1178466,-0.99526316,-0.26390806,-1.2989001,-0.5799666,-1.1442783,-1.439055,-1.0668106,17.36602909,10.45419163,8.841868199,9.596236118,6.102107008,5.010834874,12.51387777,9.122480439,29.55730101,8.728047,6.156461,5.6779637,9.525326,3.1593208,5.378686,6.1735473,6.423612,7.3534303,Near normal,Moderate drought,Near normal,Near normal,Moderate drought,Near normal,Moderate drought,Moderate drought,Moderate drought
01/08/18,-0.12550367,-0.68564385,-4.1966505,-0.62047756,-2.711623,-1.6461617,-1.8967271,-0.99306583,-0.6751283,32.4390108,24.78975814,5.274361395,49.6539031,5.353300308,16.40918608,4.353586431,3.848572724,29.83414368,5.633162,4.725285,6.884175,8.899883,4.935498,7.827713,5.591925,5.0934243,6.300714,Near normal,Near normal,Extreme drought,Near normal,Extreme drought,Severe drought,Severe drought,Near normal,Near normal
01/09/18,0.53626645,-0.05430391,-1.9025248,0.027684698,-2.5196486,-0.8904958,-0.85390675,0.05175634,0.22216828,49.86949969,12.70803669,8.308731252,55.74242911,5.686663181,18.68764882,5.310029007,8.25641734,44.02332513,3.529777,5.241559,7.5425444,7.5939374,5.211624,7.690083,5.6723986,4.754713,4.9414024,Near normal,Near normal,Severe drought,Near normal,Extreme drought,Near normal,Near normal,Near normal,Near normal
01/10/18,-0.09102388,-0.6241885,-1.2883017,-0.19472317,-1.7448553,-0.8137431,-1.3588719,-0.83624864,-0.42459157,26.63013129,25.51725685,46.27709084,71.5950744,13.32848115,61.33025015,17.04833736,6.87109803,12.66474375,6.5156865,6.2099366,7.7555943,7.5933776,5.554611,7.899534,3.95115,2.7933168,7.30978,Near normal,Near normal,Moderate drought,Near normal,Severe drought,Near normal,Moderate drought,Near normal,Near normal
01/11/18,-0.99384403,-1.595134,-1.8148673,-1.4642943,-1.823955,-1.3802148,-2.0726817,-1.7787602,-0.82273316,34.54273209,18.21627559,41.37771623,61.74999057,40.22057478,64.47039116,13.87087996,2.619065232,16.33940818,7.3628116,5.7601447,3.3250299,5.3442063,2.577959,2.941036,4.4265656,4.2671933,7.207814,Near normal,Severe drought,Severe drought,Moderate drought,Severe drought,Moderate drought,Extreme drought,Severe drought,Near normal
01/12/18,-2.1701283,-2.255744,-1.6821401,-1.7463311,-1.7019005,-1.5752053,-2.3965828,-2.8173604,-2.1985517,48.56617097,50.41077289,128.5131754,129.1047294,86.42543326,114.3556894,70.26345165,6.133644739,16.29425946,9.799929,5.599042,2.7933583,5.3833866,2.0511754,1.1027422,4.2980084,4.560986,7.6047378,Extreme drought,Extreme drought,Severe drought,Severe drought,Severe drought,Severe drought,Extreme drought,Extreme drought,Extreme drought
01/01/19,-1.8870444,-2.0995214,-1.3377911,-2.0377786,-1.1150787,-1.4467435,-2.5735054,-2.3588142,-1.3394408,53.58202818,46.52481407,110.4778356,99.06696693,80.07524873,127.6138536,50.10171205,7.773800893,10.02181868,10.460485,3.703292,-1.2163014,7.0864,1.5615788,0.21612829,4.308723,2.663556,5.6733556,Severe drought,Extreme drought,Moderate drought,Extreme drought,Moderate drought,Moderate drought,Extreme drought,Extreme drought,Moderate drought
01/02/19,-1.6466945,-1.0271717,-0.009522557,-0.74034756,-0.5489612,-0.6861509,-1.5086268,-2.3687985,-1.888,98.18678085,108.4904112,116.261974,151.9885887,119.9079063,136.2198929,65.7306221,27.5081512,21.8147019,6.7024055,3.2434402,-0.7414715,6.882112,1.5048314,4.313125,2.538944,2.5541332,6.178481,Severe drought,Moderate drought,Near normal,Near normal,Near normal,Near normal,Severe drought,Extreme drought,Severe drought
01/03/19,-0.74910194,-0.48707703,-0.47568902,-0.39704248,-0.68998,-0.7692619,-1.373997,-1.9776553,-1.0324464,82.44818797,57.0924614,36.95453854,104.2485651,18.52109897,52.67283974,23.02809538,11.44835391,30.05523366,8.119647,5.4326634,0.06992715,7.811192,2.09025,4.4816036,5.3048897,4.704248,6.865131,Near normal,Near normal,Near normal,Near normal,Near normal,Near normal,Moderate drought,Severe drought,Moderate drought
01/04/19,-0.007931862,0.79291964,0.47827646,0.9615681,-0.8015968,-0.34085467,0.11030199,-1.5823214,-1.1021981,92.40212215,130.2219352,79.69751809,105.2041901,30.4503487,62.70412735,104.4095054,27.16919168,19.21838297,6.653262,3.5198357,3.767344,4.53133,5.1030874,5.622527,3.9962933,6.051048,8.079473,Near normal,Near normal,Near normal,Near normal,Near normal,Near normal,Near normal,Severe drought,Moderate drought
01/05/19,0.069671005,0.37252954,-0.20071687,0.524761,-1.4260565,-0.9676082,-0.21893583,-2.1189556,-1.1072776,22.91657734,12.8445455,1.456568646,12.61669619,1.278508039,2.682970456,2.355642374,6.39594789,20.25231629,5.294716,3.1472602,2.4796317,5.7908983,0.83644146,4.1063533,3.9950583,5.997892,8.182351,Near normal,Near normal,Near normal,Near normal,Moderate drought,Near normal,Near normal,Extreme drought,Moderate drought
01/06/19,-0.14876176,0.50992703,0.6994316,0.47273737,-1.0077515,-0.42058176,0.39710665,-1.7971237,-1.301476,6.051971925,0.600599328,0.051719311,8.610276336,1.487902481,2.916765876,0.119232926,2.596368246,26.27333,7.150248,3.8354506,3.4496639,7.0956964,0.5055583,3.1062865,4.4317274,6.248591,8.163856,Near normal,Near normal,Near normal,Near normal,Moderate drought,Near normal,Near normal,Severe drought,Moderate drought
01/07/19,-1.2182086,-2.1442337,-2.6057878,-3.0582101,-2.8956149,-2.8837152,-3.3875709,-2.7985718,-0.9496727,7.693376155,0.924510113,0.035239762,6.11939619,0.406561704,1.214285298,0.040465836,5.810908751,37.24940057,7.7855124,3.45024,2.3040476,8.561607,0.15248293,3.225445,2.757606,5.8949943,8.272107,Moderate drought,Extreme drought,Extreme drought,Extreme drought,Extreme drought,Extreme drought,Extreme drought,Extreme drought,Near normal
01/08/19,-2.1339202,-3.0327706,-4.478447,-3.619943,-3.7235625,-4.503947,-4.9854717,-2.6214488,-1.2691274,6.70594821,1.685584453,0.277010386,22.42588285,1.625570163,5.595414252,0.307772152,0.545408861,8.431364619,1.2041723,-3.692903,-9.097278,8.58778,-6.6514034,-0.5196123,-1.099723,4.7150717,6.630458,Extreme drought,Extreme drought,Extreme drought,Extreme drought,Extreme drought,Extreme drought,Extreme drought,Extreme drought,Moderate drought
01/09/19,-1.8710113,-3.3613524,-4.4025235,-2.6272104,-2.5602043,-2.3207612,-4.618714,-2.5623043,-1.3912987,25.06583205,3.180085153,6.970735732,30.87674958,4.588474956,18.77131019,2.268097354,2.954840119,24.49944219,9.427755,1.4871534,-0.58304924,10.716154,0.9268948,4.297375,1.2670821,6.7513885,9.534051,Severe drought,Extreme drought,Extreme drought,Extreme drought,Extreme drought,Extreme drought,Extreme drought,Extreme drought,Moderate drought
01/10/19,-2.379693,-2.8242617,-2.7157679,-3.158851,-2.2432747,-2.405926,-3.0129395,-2.6796076,-1.617878,21.48753867,3.950362653,13.77355663,60.04004341,13.81341331,34.36882867,3.176494526,2.318347989,20.75905824,7.2953453,0.6754305,-1.1450276,5.266655,-0.50645834,-3.98216,2.9263144,7.33454,10.8217325,Extreme drought,Extreme drought,Extreme drought,Extreme drought,Extreme drought,Extreme drought,Extreme drought,Extreme drought,Severe drought
01/11/19,-2.5260303,-2.6125424,-2.0248716,-2.2651765,-1.4978337,-1.7530873,-2.6705399,-2.850088,-1.5160329,37.17094288,42.16653559,138.939012,147.1095595,70.2536669,113.9212356,67.23781469,3.182067644,12.968651,9.765345,3.7734122,-0.80137587,5.4145885,0.055445705,-1.1009482,1.7119076,6.6263824,10.336488,Extreme drought,Extreme drought,Extreme drought,Extreme drought,Moderate drought,Severe drought,Extreme drought,Extreme drought,Severe drought
01/12/19,-2.099648,-1.7932063,-0.9845513,-1.7022321,-1.4361452,-1.1870898,-1.1614501,-1.9224373,-1.1206046,69.84951298,114.837931,180.6724063,127.1788383,113.3327028,150.4359236,142.1174564,21.6404134,12.37338677,5.5036616,1.4724386,-0.43385136,6.2056456,-2.0513482,-2.1199818,2.3022878,5.364102,8.093729,Extreme drought,Severe drought,Near normal,Severe drought,Moderate drought,Moderate drought,Moderate drought,Severe drought,Moderate drought
01/01/20,-0.91424626,-0.9565832,0.114896655,-1.266143,-0.38967904,-0.5226748,-0.3540883,-1.6403465,-0.7032269,116.8120753,89.46277223,117.3738564,131.5921152,106.6769355,158.0958797,83.03760373,25.1808831,50.20419725,9.786995,4.208599,2.3490498,8.249897,0.5500744,0.59211195,0.04662074,1.1167625,2.899322,Near normal,Near normal,Near normal,Moderate drought,Near normal,Near normal,Near normal,Severe drought,Near normal
01/02/20,0.20412557,0.010876956,0.33006856,-0.5478856,-0.07377701,-0.22243755,0.34609532,-1.1728008,-0.9137019,138.5111136,118.8214957,75.71518939,159.3508482,144.7596529,147.4675035,62.16757538,50.12369845,18.29792888,5.932302,3.6405675,4.8745008,7.580687,0.48961908,3.4229362,2.146213,5.3935204,8.298586,Near normal,Near normal,Near normal,Near normal,Near normal,Near normal,Near normal,Moderate drought,Near normal
01/03/20,0.57489157,0.001498911,-0.36106881,-0.7036696,-0.11155328,-0.7788849,-0.036282994,-1.0618098,-0.8762404,94.33106532,81.08354728,67.42552856,57.92686586,19.67282056,59.44281601,63.53983916,28.56090734,16.1160208,8.606898,6.4262342,6.6055446,11.55192,1.435825,7.8673005,4.7828927,5.6309614,6.7776337,Near normal,Near normal,Near normal,Near normal,Near normal,Near normal,Near normal,Moderate drought,Near normal
01/04/20,0.45259967,0.59302557,0.23238313,0.30007282,-0.1247387,-0.3260364,0.23041245,-0.9623863,-1.7033658,75.71577825,89.6803592,94.01158505,114.640223,31.85672882,83.60975417,68.22653079,21.03222431,17.92822978,7.822709,6.4590335,6.054579,12.7224,2.835902,5.3218417,5.043767,5.93067,9.013836,Near normal,Near normal,Near normal,Near normal,Near normal,Near normal,Near normal,Near normal,Severe drought
01/05/20,0.028899845,0.2824554,0.36445516,-0.12916058,-0.7356149,-0.50908905,-0.024184246,-1.4256299,-1.5263169,5.172528237,0.248818955,0.036624487,8.076405686,1.146848013,1.497232486,0.017912845,1.063857039,17.84713186,6.76344,4.3317685,4.959067,11.349051,2.8509963,7.504208,3.613773,6.6856546,8.93221,Near normal,Near normal,Near normal,Near normal,Near normal,Near normal,Near normal,Moderate drought,Severe drought
01/06/20,-0.39745218,0.092507266,0.6204527,0.49160585,-0.26320854,0.108195186,-0.20195426,-1.3410325,-1.0264746,2.5752556,6.069314661,8.549884195,23.89321379,2.773163675,10.81183418,9.935961223,5.495591117,31.61602197,7.2308536,3.348497,2.1127582,10.14185,-1.4217297,4.1827087,2.8956404,5.0826807,7.229436,Near normal,Near normal,Near normal,Near normal,Near normal,Near normal,Near normal,Moderate drought,Moderate drought
01/07/20,-1.3551016,-1.3558751,-0.97810125,-0.9123401,-1.1582086,-0.8628182,-1.0146891,-1.6127955,-0.6503614,3.954585036,1.450736826,0.247161923,8.024404176,2.419901221,2.946258788,0.096346295,8.128109814,41.46929072,3.9941905,0.63225025,-2.5849319,10.155145,-3.5699375,2.4576044,3.1730988,9.733582,9.904217,Moderate drought,Moderate drought,Near normal,Near normal,Moderate drought,Near normal,Moderate drought,Severe drought,Near normal